id,category,query1,query2,label
0,咳血,请问呕血与咯血有什么区别？,请问呕血与咯血这两者之间有什么区别？,1
1,咳血,请问呕血与咯血有什么区别？,请问呕血与咯血异同？,1
2,咳血,请问呕血与咯血有什么区别？,请问呕血与咯血怎么治疗？,0
3,咳血,请问呕血与咯血有什么区别？,请问呕血与咯血是什么原因导致的？,0
4,咳血,请问呕血与咯血有什么区别？,请问呕血与咯血与其他疾病有关联吗？,0
5,咳血,老年人吃百令胶囊能喝鸽子汤吗？,老年人可以百令胶囊和鸽子汤一起服用吗？,1
6,咳血,老年人吃百令胶囊能喝鸽子汤吗？,老年人服用百令胶囊后能否喝鸽子汤？,1
7,咳血,老年人吃百令胶囊能喝鸽子汤吗？,老年人吃百令胶囊和鸽子汤对病情有帮助吗？,0
8,咳血,老年人吃百令胶囊能喝鸽子汤吗？,老年人吃百令胶囊能起作用吗？,0
9,咳血,老年人吃百令胶囊能喝鸽子汤吗？,老年人能喝鸽子汤吗？,0
10,咳血,小孩吃了百令胶囊能打预防针吗,小孩吃了百令胶囊能不能打预防针,1
11,咳血,小孩吃了百令胶囊能打预防针吗,小孩吃了百令胶囊还能打预防针吗,1
12,咳血,小孩吃了百令胶囊能打预防针吗,百令胶囊能治那种病,0
13,咳血,小孩吃了百令胶囊能打预防针吗,小孩有哪些症状需要吃百令胶囊,0
14,咳血,小孩吃了百令胶囊能打预防针吗,小孩慢性支气管炎能吃百令胶囊吗,0
15,咳血,澳源一号乙酰半胱氨酸颗粒副作用影响如何,澳源一号乙酰半胱氨酸颗粒有哪些副作用,1
16,咳血,澳源一号乙酰半胱氨酸颗粒副作用影响如何,澳源一号乙酰半胱氨酸颗粒的副作用大吗,1
17,咳血,澳源一号乙酰半胱氨酸颗粒副作用影响如何,澳源一号乙酰半胱氨酸颗粒适用慢性支气管炎吗,0
18,咳血,澳源一号乙酰半胱氨酸颗粒副作用影响如何,过敏体质者能吃澳源一号乙酰半胱氨酸颗粒吗,0
19,咳血,澳源一号乙酰半胱氨酸颗粒副作用影响如何,澳源一号乙酰半胱氨酸颗粒是治那种病的,0
20,咳血,食欲不振可以用同仁堂百补增力丸吗,食欲不振可以吃同仁堂百补增力丸吗,1
21,咳血,食欲不振可以用同仁堂百补增力丸吗,食欲不振吃同仁堂百补增力丸行吗,1
22,咳血,食欲不振可以用同仁堂百补增力丸吗,同仁堂百补增力丸的疗效如何呢,0
23,咳血,食欲不振可以用同仁堂百补增力丸吗,脾胃不好的人可以长期吃同仁堂百补增力丸吗,0
24,咳血,食欲不振可以用同仁堂百补增力丸吗,同仁堂百补增力丸长期服用有副作用吗,0
25,咳血,消化不良用同仁堂百补增力丸有效果吗,消化不良吃同仁堂百补增力丸有没有效果,1
26,咳血,消化不良用同仁堂百补增力丸有效果吗,消化不良用同仁堂百补增力丸效果如何,1
27,咳血,消化不良用同仁堂百补增力丸有效果吗,消化不良的宝宝可以吃同仁堂百补增力丸吗,0
28,咳血,消化不良用同仁堂百补增力丸有效果吗,同仁堂百补增力丸的副作用大吗,0
29,咳血,消化不良用同仁堂百补增力丸有效果吗,胃痛可以吃百补增力丸吗,0
30,咳血,你好请问百补增力丸药有什么疗效,你好请问百补增力丸药有什么效果,1
31,咳血,你好请问百补增力丸药有什么疗效,你好请问百补增力丸药有什么作用,1
32,咳血,你好请问百补增力丸药有什么疗效,百补增力丸药忌高血压心脏病的人服用吗,0
33,咳血,你好请问百补增力丸药有什么疗效,百补增力丸药是处方药吗,0
34,咳血,你好请问百补增力丸药有什么疗效,宝宝可以吃百补增力丸吗,0
35,咳血,为什么服用了阿胶胶囊后月经来的很多,服用了阿胶胶囊后例假来的很多是什么原因,1
36,咳血,为什么服用了阿胶胶囊后月经来的很多,服用了阿胶胶囊后大姨妈来的很多是咋回事,1
37,咳血,为什么服用了阿胶胶囊后月经来的很多,头晕没力气可以吃阿胶胶囊吗,0
38,咳血,为什么服用了阿胶胶囊后月经来的很多,贫血服用阿胶胶囊行吗,0
39,咳血,为什么服用了阿胶胶囊后月经来的很多,阿胶胶囊是属于补气养血的中药吗,0
40,咳血,同仁堂二母宁嗽丸是激素药吗,同仁堂二母宁嗽丸是不是激素药,1
41,咳血,同仁堂二母宁嗽丸是激素药吗,同仁堂二母宁嗽丸属于激素药吗,1
42,咳血,同仁堂二母宁嗽丸是激素药吗,同仁堂二母宁嗽丸可以治哮喘吗,0
43,咳血,同仁堂二母宁嗽丸是激素药吗,感冒咳嗽能吃同仁堂二母宁嗽丸吗,0
44,咳血,同仁堂二母宁嗽丸是激素药吗,什么症状可以吃同仁堂二母宁嗽丸,0
45,咳血,吃完清肺散结丸一个疗程后吐的痰粘吗,服用清肺散结丸一个疗程后吐的痰还粘吗,1
46,咳血,吃完清肺散结丸一个疗程后吐的痰粘吗,吃完清肺散结丸一个疗程后吐的痰是什么样子,1
47,咳血,吃完清肺散结丸一个疗程后吐的痰粘吗,肺癌手术后可以吃清肺散结丸吗,0
48,咳血,吃完清肺散结丸一个疗程后吐的痰粘吗,清肺散结丸能用于重症结核吗,0
49,咳血,吃完清肺散结丸一个疗程后吐的痰粘吗,服用清肺散结丸后需要多喝水吗,0
50,咳血,要喝多久益肺清化颗粒才为一疗程呢,喝益肺清化颗粒多长时间为一疗程,1
51,咳血,要喝多久益肺清化颗粒才为一疗程呢,益肺清化颗粒一疗程有几天,1
52,咳血,要喝多久益肺清化颗粒才为一疗程呢,喝益肺清化颗粒有副作用吗,0
53,咳血,要喝多久益肺清化颗粒才为一疗程呢,益肺清化颗粒是中成药吗,0
54,咳血,要喝多久益肺清化颗粒才为一疗程呢,肺结核咳血能用益肺清化颗粒吗,0
55,咳血,感冒咳嗽厉害怎么办请问怎么进行康复训练,感冒咳嗽严重该咋办，需要进行什么样的康复训练,1
56,咳血,感冒咳嗽厉害怎么办请问怎么进行康复训练,感冒咳嗽厉害有啥办法，能进行哪些康复训练,1
57,咳血,感冒咳嗽厉害怎么办请问怎么进行康复训练,感冒咳嗽的厉害是肺炎吗,0
58,咳血,感冒咳嗽厉害怎么办请问怎么进行康复训练,感冒咳嗽的厉害需要用消炎药吗,0
59,咳血,感冒咳嗽厉害怎么办请问怎么进行康复训练,宝宝感冒咳嗽的厉害能吃头孢类的药吗,0
0,咳血,"剧烈运动后咯血,是怎么了?",剧烈运动后咯血是什么原因？,1
1,咳血,"剧烈运动后咯血,是怎么了?",剧烈运动后为什么会咯血？,1
2,咳血,"剧烈运动后咯血,是怎么了?",剧烈运动后咯血，应该怎么处理？,0
3,咳血,"剧烈运动后咯血,是怎么了?",剧烈运动后咯血，需要就医吗？,0
4,咳血,"剧烈运动后咯血,是怎么了?",剧烈运动后咯血，是否很严重？,0
5,咳血,百令胶囊需要注意什么？,百令胶囊有什么注意事项？,1
6,咳血,百令胶囊需要注意什么？,服用百令胶囊有什么需要特别注意的吗？,1
7,咳血,百令胶囊需要注意什么？,百令胶囊如何服用？,0
8,咳血,百令胶囊需要注意什么？,百令胶囊效果好吗？,0
9,咳血,百令胶囊需要注意什么？,百令胶囊需要如何服用？,0
10,咳血,肝癌兼肺癌晚期能活多久？,肝癌兼肺癌晚期还有多少寿命？,1
11,咳血,肝癌兼肺癌晚期能活多久？,肝癌兼肺癌晚期还有多少时间？,1
12,咳血,肝癌兼肺癌晚期能活多久？,肝癌兼肺癌晚期能治疗吗？,0
13,咳血,肝癌兼肺癌晚期能活多久？,肝癌兼肺癌晚期该怎么办？,0
14,咳血,肝癌兼肺癌晚期能活多久？,肝癌兼肺癌晚期能治好吗？,0
15,咳血,咳嗽咯血半年是什么病？,咳嗽咯血半年是怎么回事？,1
16,咳血,咳嗽咯血半年是什么病？,咳嗽咯血半年是什么情况？,1
17,咳血,咳嗽咯血半年是什么病？,咳嗽咯血半年需要治病吗？,0
18,咳血,咳嗽咯血半年是什么病？,咳嗽咯血半年怎么处理？,0
19,咳血,咳嗽咯血半年是什么病？,咳嗽咯血半年是什么原因导致的？,0
20,咳血,百令胶囊能长期服用吗?,百令胶囊是否可以长时间服用?,1
21,咳血,百令胶囊能长期服用吗?,百令胶囊长时间服用会有问题吗?,1
22,咳血,百令胶囊能长期服用吗?,百令胶囊能和其他药物一起服用吗?,0
23,咳血,百令胶囊能长期服用吗?,百令胶囊怎么服用?,0
24,咳血,百令胶囊能长期服用吗?,百令胶囊的服用方法是什么?,0
25,咳血,我国最常见的咯血原因是什么?,我国主要的咯血原因是什么?,1
26,咳血,我国最常见的咯血原因是什么?,我国最常见的咯血是什么导致的?,1
27,咳血,我国最常见的咯血原因是什么?,我国最常见的咯血有哪些?,0
28,咳血,我国最常见的咯血原因是什么?,我国最常见的咯血的种类有多少?,0
29,咳血,我国最常见的咯血原因是什么?,我国最常见的咯血是什么?,0
30,咳血,大咯血的处理原则是什么?,大咯血该怎么处理?,1
31,咳血,大咯血的处理原则是什么?,如何处理大咯血?,1
32,咳血,大咯血的处理原则是什么?,大咯血是什么情况?,0
33,咳血,大咯血的处理原则是什么?,大咯血的什么病?,0
34,咳血,大咯血的处理原则是什么?,大咯血的原因是什么?,0
35,咳血,咯血的话应该怎么抢救？,咯血的话应该怎么处理？,1
36,咳血,咯血的话应该怎么抢救？,咯血的话应该如何进行抢救？,1
37,咳血,咯血的话应该怎么抢救？,咯血的话应该去医院吗？,0
38,咳血,咯血的话应该怎么抢救？,咯血的话是什么原因造成的？,0
39,咳血,咯血的话应该怎么抢救？,咯血的话应该如何预防？,0
40,咳血,请问无痰无咳嗽咯血这是什么病？,请问无痰无咳嗽咯血是什么病症？,1
41,咳血,请问无痰无咳嗽咯血这是什么病？,请问无痰无咳嗽咯血是哪一种病呢？,1
42,咳血,请问无痰无咳嗽咯血这是什么病？,请问无痰无咳嗽咯血是病吗？,0
43,咳血,请问无痰无咳嗽咯血这是什么病？,请问无痰无咳嗽咯血需要去看病吗？,0
44,咳血,请问无痰无咳嗽咯血这是什么病？,请问无痰无咳嗽咯血这种病严重吗？,0
45,咳血,请问肺癌造成咯血的原因是什么?,请问为什么肺癌会造成咯血呢?,1
46,咳血,请问肺癌造成咯血的原因是什么?,请问肺癌是如何导致咯血的？,1
47,咳血,请问肺癌造成咯血的原因是什么?,请问肺癌会造成咯血吗？,0
48,咳血,请问肺癌造成咯血的原因是什么?,请问肺癌造成的咯血应该如何治疗？,0
49,咳血,请问肺癌造成咯血的原因是什么?,请问肺癌造成的咯血严重吗？,0
50,咳血,请问老人两年经常咯痰咯血有什么办法？,请问老人两年经常咯痰咯血有什么治疗的方法？,1
51,咳血,请问老人两年经常咯痰咯血有什么办法？,请问老人两年经常咯痰咯血该怎么治疗？,1
52,咳血,请问老人两年经常咯痰咯血有什么办法？,请问老人两年经常咯痰咯血需要治疗吗？,0
53,咳血,请问老人两年经常咯痰咯血有什么办法？,请问老人两年经常咯痰咯血严重吗？,0
54,咳血,请问老人两年经常咯痰咯血有什么办法？,请问老人两年经常咯痰咯血是什么原因呢？,0
55,咳血,肺部感染支气管炎会咯血吗？,肺部感染支气管炎会造成咯血吗？,1
56,咳血,肺部感染支气管炎会咯血吗？,肺部感染支气管炎是否会导致咯血？,1
57,咳血,肺部感染支气管炎会咯血吗？,肺部感染支气管炎咯血怎么办？,0
58,咳血,肺部感染支气管炎会咯血吗？,肺部感染支气管炎咯血该怎么治疗？,0
59,咳血,肺部感染支气管炎会咯血吗？,肺部感染支气管炎咯血吃什么药？,0
60,咳血,肺癌不咯血是不是情况好转了？,肺癌不咯血是不是说明变好了？,1
61,咳血,肺癌不咯血是不是情况好转了？,肺癌不咯血是不是情况好转了？,1
62,咳血,肺癌不咯血是不是情况好转了？,肺癌会不会咯血？,0
63,咳血,肺癌不咯血是不是情况好转了？,肺癌会导致咯血的情况吗？,0
64,咳血,肺癌不咯血是不是情况好转了？,肺癌和咯血有关系吗？,0
65,咳血,急性大咯血的症状有哪些？,急性大咯血会有什么症状呢？,1
66,咳血,急性大咯血的症状有哪些？,急性大咯血会出现什么样的症状？,1
67,咳血,急性大咯血的症状有哪些？,急性大咯血的种类有哪些？,0
68,咳血,急性大咯血的症状有哪些？,急性大咯血有哪些治疗方法？,0
69,咳血,急性大咯血的症状有哪些？,急性大咯血的原因是什么？,0
70,咳血,请问鸦胆子油软胶囊饭后吃还是饭前吃好？,请问鸦胆子油软胶囊什么时候吃比较好？,1
71,咳血,请问鸦胆子油软胶囊饭后吃还是饭前吃好？,请问鸦胆子油软胶囊适合饭前吃吗？,1
72,咳血,请问鸦胆子油软胶囊饭后吃还是饭前吃好？,请问鸦胆子油软胶囊有副作用吗？,0
73,咳血,请问鸦胆子油软胶囊饭后吃还是饭前吃好？,请问鸦胆子油软胶囊效果好不好？,0
74,咳血,请问鸦胆子油软胶囊饭后吃还是饭前吃好？,请问鸦胆子油软胶囊可以和其他药一起吃吗？,0
75,咳血,肾囊肿可以服用百令胶囊吗？,肾囊肿服用百令胶囊可以吗？,1
76,咳血,肾囊肿可以服用百令胶囊吗？,肾囊肿是否可以吃百令胶囊？,1
77,咳血,肾囊肿可以服用百令胶囊吗？,肾囊肿可以服用感冒药吗？,0
78,咳血,肾囊肿可以服用百令胶囊吗？,肾囊肿吃什么药好？,0
79,咳血,肾囊肿可以服用百令胶囊吗？,肾囊肿可以治疗吗？,0
80,咳血,同仁堂百补增力丸适应症有哪些效果好不好？,同仁堂百补增力丸适合什么样的症状？,1
81,咳血,同仁堂百补增力丸适应症有哪些效果好不好？,同仁堂百补增力丸的效果好吗？,1
82,咳血,同仁堂百补增力丸适应症有哪些效果好不好？,同仁堂百补增力丸有哪些副作用？,0
83,咳血,同仁堂百补增力丸适应症有哪些效果好不好？,同仁堂百补增力丸适应孕妇服用吗？,0
84,咳血,同仁堂百补增力丸适应症有哪些效果好不好？,同仁堂百补增力丸有哪些注意事项？,0
85,咳血,达仁堂益肺清化膏的用法用量是怎么样的？,达仁堂益肺清化膏是怎么使用的？,1
86,咳血,达仁堂益肺清化膏的用法用量是怎么样的？,达仁堂益肺清化膏如何服用？,1
87,咳血,达仁堂益肺清化膏的用法用量是怎么样的？,达仁堂益肺清化膏适合儿童服用吗？,0
88,咳血,达仁堂益肺清化膏的用法用量是怎么样的？,达仁堂益肺清化膏有什么副作用呢？,0
89,咳血,达仁堂益肺清化膏的用法用量是怎么样的？,达仁堂益肺清化膏的效果怎么样？,0
90,咳血,你好百令胶囊是苦的还是咸的？,你好百令胶囊是味道是怎样的？,1
91,咳血,你好百令胶囊是苦的还是咸的？,你好百令胶囊味道好吗，苦还是咸？,1
92,咳血,你好百令胶囊是苦的还是咸的？,你好百令胶囊是苦的还是咸的？,0
93,咳血,你好百令胶囊是苦的还是咸的？,您好百令胶囊怎么服用?,0
94,咳血,你好百令胶囊是苦的还是咸的？,你好百令胶囊的效果怎么样？,0
95,咳血,你好我想知道百令胶囊是怎么吃的？,你好我想知道百令胶囊是如何服用的呢？,1
96,咳血,你好我想知道百令胶囊是怎么吃的？,你好我想知道怎么服用百令胶囊？,1
97,咳血,你好我想知道百令胶囊是怎么吃的？,你好我想知道百令胶囊适应什么样的症状？,0
98,咳血,你好我想知道百令胶囊是怎么吃的？,你好我想知道百令胶囊可以和其他药物一起吃吗？,0
99,咳血,你好我想知道百令胶囊是怎么吃的？,你好我想知道百令胶囊感冒的时候可以吃吗？,0
100,咳血,请问百令胶囊一天吃多少？,请问百令胶囊一天需要服用多少呢？,1
101,咳血,请问百令胶囊一天吃多少？,请问百令胶囊是一日三次吗？,1
102,咳血,请问百令胶囊一天吃多少？,请问百令胶囊的效果怎么样？,0
103,咳血,请问百令胶囊一天吃多少？,请问百令胶囊是苦的还是咸的？,0
104,咳血,请问百令胶囊一天吃多少？,请问百令胶囊的注意事项是什么？,0
105,咳血,康尔佳益肺止咳胶囊发烧了是不是副作用？,康尔佳益肺止咳胶囊会不会产生发烧的副作用？,1
106,咳血,康尔佳益肺止咳胶囊发烧了是不是副作用？,康尔佳益肺止咳胶囊是不是会有发烧的不良反应？,1
107,咳血,康尔佳益肺止咳胶囊发烧了是不是副作用？,康尔佳益肺止咳胶囊有什么作用？,0
108,咳血,康尔佳益肺止咳胶囊发烧了是不是副作用？,康尔佳益肺止咳胶囊可以治疗发烧吗？,0
109,咳血,康尔佳益肺止咳胶囊发烧了是不是副作用？,康尔佳益肺止咳胶囊怎么服用？,0
110,咳血,立效止嗽立效丸药店比医院的便宜吗？,立效止嗽立效丸在药店买比医院更便宜吗？,1
111,咳血,立效止嗽立效丸药店比医院的便宜吗？,药店的立效止嗽立效丸的价格比医院的便宜一些吗？,1
112,咳血,立效止嗽立效丸药店比医院的便宜吗？,立效止嗽立效丸是在医院购买吗？,0
113,咳血,立效止嗽立效丸药店比医院的便宜吗？,立效止嗽立效丸药店有卖吗？,0
114,咳血,立效止嗽立效丸药店比医院的便宜吗？,立效止嗽立效丸效果？,0
115,咳血,抑扶健脾益肾颗粒的价格是多少？,抑扶健脾益肾颗粒多少钱？,1
116,咳血,抑扶健脾益肾颗粒的价格是多少？,抑扶健脾益肾颗粒需要多少钱？,1
117,咳血,抑扶健脾益肾颗粒的价格是多少？,抑扶健脾益肾颗粒的用量是多少？,0
118,咳血,抑扶健脾益肾颗粒的价格是多少？,抑扶健脾益肾颗粒如何服用？,0
119,咳血,抑扶健脾益肾颗粒的价格是多少？,抑扶健脾益肾颗粒的副作用是什么？,0
120,咳血,西黄胶囊可以治疗肺结节吗,西黄胶囊可不可以治疗肺结节吗,1
121,咳血,西黄胶囊可以治疗肺结节吗,西黄胶囊能治疗肺结节吗,1
122,咳血,西黄胶囊可以治疗肺结节吗,肺结节是呼吸系统疾病吗,0
123,咳血,西黄胶囊可以治疗肺结节吗,那种中成药可以治肺结节,0
124,咳血,西黄胶囊可以治疗肺结节吗,治疗肺结节需要手术吗,0
125,咳血,益肺清化颗粒一盒有多少袋能喝多久,益肺清化颗粒一盒有几袋能喝几天,1
126,咳血,益肺清化颗粒一盒有多少袋能喝多久,益肺清化颗粒一盒装几袋能喝多长时间,1
127,咳血,益肺清化颗粒一盒有多少袋能喝多久,益肺清化颗粒有什么作用,0
128,咳血,益肺清化颗粒一盒有多少袋能喝多久,益肺清化颗粒主要成分是什么,0
129,咳血,益肺清化颗粒一盒有多少袋能喝多久,有肺结节可以吃益肺清化颗粒吗,0
130,咳血,肺癌做过化疗后来复发病人咳得厉害怎么办,肺癌化疗后复发，咳得厉害有什么办法,1
131,咳血,肺癌做过化疗后来复发病人咳得厉害怎么办,化疗后肺癌又复发了，咳嗽厉害怎么治,1
132,咳血,肺癌做过化疗后来复发病人咳得厉害怎么办,肺癌做过化疗后还用输液吗,0
133,咳血,肺癌做过化疗后来复发病人咳得厉害怎么办,肺癌做过化疗后是不是需要加强营养,0
134,咳血,肺癌做过化疗后来复发病人咳得厉害怎么办,肺癌做过化疗后需要注意什么,0
135,咳血,"肾阴虚吃这三种,川黄口服液百令胶囊归和什么",肾阴虚吃川黄口服液百令胶囊归还有什么,1
136,咳血,"肾阴虚吃这三种,川黄口服液百令胶囊归和什么",肾阴虚吃川黄口服液百令胶囊归还有哪种药,1
137,咳血,"肾阴虚吃这三种,川黄口服液百令胶囊归和什么",肾阴虚的症状有哪些,0
138,咳血,"肾阴虚吃这三种,川黄口服液百令胶囊归和什么",肾阴虚吃什么食物能补,0
139,咳血,"肾阴虚吃这三种,川黄口服液百令胶囊归和什么",肾阴虚该怎样治疗,0
140,咳血,荷叶丸这个药有什么样的作用,荷叶丸这个药有什么作用,1
141,咳血,荷叶丸这个药有什么样的作用,荷叶丸的作用是什么,1
142,咳血,荷叶丸这个药有什么样的作用,荷叶丸属于中成药吗,0
143,咳血,荷叶丸这个药有什么样的作用,荷叶丸有清热和化瘀的功效吗,0
144,咳血,荷叶丸这个药有什么样的作用,荷叶丸是中药吗,0
145,咳血,秦巴止血胶囊可以治疗什么病,秦巴止血胶囊用于治疗什么病,1
146,咳血,秦巴止血胶囊可以治疗什么病,什么病可以吃秦巴止血胶囊,1
147,咳血,秦巴止血胶囊可以治疗什么病,秦巴止血胶囊可以治疗咳嗽吐血吗,0
148,咳血,秦巴止血胶囊可以治疗什么病,鼻子出血可以吃秦巴止血胶囊吗,0
149,咳血,秦巴止血胶囊可以治疗什么病,秦巴止血胶囊成分有哪些,0
150,咳血,秦巴止血胶囊的功能大吗,秦巴止血胶囊的功能有哪些,1
151,咳血,秦巴止血胶囊的功能大吗,秦巴止血胶囊的有哪些功能,1
152,咳血,秦巴止血胶囊的功能大吗,秦巴止血胶囊能治各种出血吗,0
153,咳血,秦巴止血胶囊的功能大吗,月经量大过多能吃秦巴止血胶囊吗,0
154,咳血,秦巴止血胶囊的功能大吗,秦巴止血胶囊治疗子宫肌瘤出血吗,0
155,咳血,肺癌能吃阿斯美复方甲氧那明胶囊吗,肺癌能不能吃阿斯美复方甲氧那明胶囊,1
156,咳血,肺癌能吃阿斯美复方甲氧那明胶囊吗,肺癌可以吃阿斯美复方甲氧那明胶囊吗,1
157,咳血,肺癌能吃阿斯美复方甲氧那明胶囊吗,阿斯美复方甲氧那明胶囊能长期服用吗,0
158,咳血,肺癌能吃阿斯美复方甲氧那明胶囊吗,哮喘可以吃阿斯美复方甲氧那明胶囊吗,0
159,咳血,肺癌能吃阿斯美复方甲氧那明胶囊吗,肺癌患者吃那种药能缓解咳嗽症状吗,0
160,咳血,阿斯美复方甲氧那明胶囊治疗咳嗽效果如何,阿斯美复方甲氧那明胶囊治疗咳嗽有效吗,1
161,咳血,阿斯美复方甲氧那明胶囊治疗咳嗽效果如何,阿斯美复方甲氧那明胶囊治疗咳嗽效果怎么样,1
162,咳血,阿斯美复方甲氧那明胶囊治疗咳嗽效果如何,长期服用阿斯美复方甲氧那明胶囊有哪些副作用,0
163,咳血,阿斯美复方甲氧那明胶囊治疗咳嗽效果如何,复方甲氧那明胶囊是治疗哮喘的常用药吗,0
164,咳血,阿斯美复方甲氧那明胶囊治疗咳嗽效果如何,阿斯美复方甲氧那明胶囊还治那种病,0
165,咳血,肝癌患者可以同时服用西黄胶囊和中药吗,肝癌患者能同时服用西黄胶囊和中药吗,1
166,咳血,肝癌患者可以同时服用西黄胶囊和中药吗,肝癌患者可以一块服用西黄胶囊和中药吗,1
167,咳血,肝癌患者可以同时服用西黄胶囊和中药吗,肝癌患者可以把保健品代替药吗,0
168,咳血,肝癌患者可以同时服用西黄胶囊和中药吗,西黄胶囊是中成药吗,0
169,咳血,肝癌患者可以同时服用西黄胶囊和中药吗,肝癌患者可以长期服用西黄胶囊吗,0
170,咳血,百令胶囊和补肺活血胶囊哪个好,百令胶囊和补肺活血胶囊哪个效果好,1
171,咳血,百令胶囊和补肺活血胶囊哪个好,百令胶囊和补肺活血胶囊哪个疗效好,1
172,咳血,百令胶囊和补肺活血胶囊哪个好,百令胶囊和补肺活血胶囊都能治肺结核吗,0
173,咳血,百令胶囊和补肺活血胶囊哪个好,百令胶囊和补肺活血胶囊能一起服用吗,0
174,咳血,百令胶囊和补肺活血胶囊哪个好,百令胶囊和补肺活血胶囊都是中药吗,0
175,咳血,哪个牌子的达肺草疗效比较好呢,达肺草哪个牌子疗效比较好呢,1
176,咳血,哪个牌子的达肺草疗效比较好呢,什么牌子的达肺草效果比较好呢,1
177,咳血,哪个牌子的达肺草疗效比较好呢,达肺草能治疗肺纤维化吗,0
178,咳血,哪个牌子的达肺草疗效比较好呢,达肺草对于治疗急慢性呼吸道疾病效果怎么样,0
179,咳血,哪个牌子的达肺草疗效比较好呢,达肺草属于中草药吗,0
180,咳血,同仁堂百补增力丸可以用来治疗哪些疾病,同仁堂百补增力丸可以治疗哪些疾病,1
181,咳血,同仁堂百补增力丸可以用来治疗哪些疾病,同仁堂百补增力丸适用哪些疾病,1
182,咳血,同仁堂百补增力丸可以用来治疗哪些疾病,脾胃不好的人可以吃同仁堂百补增力丸吗,0
183,咳血,同仁堂百补增力丸可以用来治疗哪些疾病,同仁堂百补增力丸的成分有哪些,0
184,咳血,同仁堂百补增力丸可以用来治疗哪些疾病,同仁堂百补增力丸是什么药,0
185,咳血,你好百令胶囊吃多久见效,百令胶囊吃多长时间见效,1
186,咳血,你好百令胶囊吃多久见效,百令胶囊服用几天可见成效,1
187,咳血,你好百令胶囊吃多久见效,气管炎可以吃百令胶囊吗,0
188,咳血,你好百令胶囊吃多久见效,百令胶囊能长期吃吗,0
189,咳血,你好百令胶囊吃多久见效,百令胶囊的十大功效是什么,0
190,咳血,咨询一下百令胶囊是处方药吗,咨询一下百令胶囊是非处方药吗,1
191,咳血,咨询一下百令胶囊是处方药吗,咨询一下百令胶囊是不是处方药,1
192,咳血,咨询一下百令胶囊是处方药吗,百令胶囊适用多大年龄的人,0
193,咳血,咨询一下百令胶囊是处方药吗,各大药店能买到百令胶囊吗,0
194,咳血,咨询一下百令胶囊是处方药吗,感冒咳嗽能吃百令胶囊吗,0
195,咳血,为什么小孩吃了富露施咳嗽更厉害了呢,小孩吃了富露施咳嗽更厉害了是为什么,1
196,咳血,为什么小孩吃了富露施咳嗽更厉害了呢,小孩吃了富露施咳嗽更厉害了是什么原因,1
197,咳血,为什么小孩吃了富露施咳嗽更厉害了呢,小孩感冒咳嗽能吃富露施吗,0
198,咳血,为什么小孩吃了富露施咳嗽更厉害了呢,多大的小孩可以吃富露施,0
199,咳血,为什么小孩吃了富露施咳嗽更厉害了呢,患有哮喘的孩子可以吃富露施吗,0
200,咳血,孕妇可以吃百补增力丸吗,孕妇能吃百补增力丸吗,1
201,咳血,孕妇可以吃百补增力丸吗,孕妇可以服用百补增力丸吗,1
202,咳血,孕妇可以吃百补增力丸吗,百补增力丸适合儿童吃吧,0
203,咳血,孕妇可以吃百补增力丸吗,百补增力丸主要用于开胃健脾吗,0
204,咳血,孕妇可以吃百补增力丸吗,患有高血压可以吃百补增力丸吗,0
205,咳血,血热月经淋漓半月可以吃断血流片吗,血热月经淋漓半月适合吃断血流片吗,1
206,咳血,血热月经淋漓半月可以吃断血流片吗,血热月经淋漓半月还能吃断血流片吗,1
207,咳血,血热月经淋漓半月可以吃断血流片吗,断血流片适应症有哪些,0
208,咳血,血热月经淋漓半月可以吃断血流片吗,断血流片是中药还是西药,0
209,咳血,血热月经淋漓半月可以吃断血流片吗,吃断血流片忌口吗,0
210,咳血,两岁半宝宝复方鲜竹沥液怎么用20ML,两岁半宝宝复方鲜竹沥液一次喝多少,1
211,咳血,两岁半宝宝复方鲜竹沥液怎么用20ML,两岁半宝宝复方鲜竹沥液一次喝20ML吗,1
212,咳血,两岁半宝宝复方鲜竹沥液怎么用20ML,两岁半宝宝感冒咳嗽能复方鲜竹沥液吗,0
213,咳血,两岁半宝宝复方鲜竹沥液怎么用20ML,复方鲜竹沥液成人一次喝多少毫升,0
214,咳血,两岁半宝宝复方鲜竹沥液怎么用20ML,宝宝扁桃体发炎能喝复方鲜竹沥液吗,0
215,咳血,鸦胆子油软胶囊对癌症晚期有用吗,鸦胆子油软胶囊对癌症晚期有效吗,1
216,咳血,鸦胆子油软胶囊对癌症晚期有用吗,癌症晚期吃鸦胆子油软胶囊还有用吗,1
217,咳血,鸦胆子油软胶囊对癌症晚期有用吗,感冒患者能用鸦胆子油软胶囊吗,0
218,咳血,鸦胆子油软胶囊对癌症晚期有用吗,鸦胆子油软胶囊是治疗什么病的,0
219,咳血,鸦胆子油软胶囊对癌症晚期有用吗,鸦胆子油软胶囊副作用大吗,0
220,咳血,肺内膜结核好了还吃补肺丸行吗,肺内膜结核好了还需要继续吃补肺丸吗,1
221,咳血,肺内膜结核好了还吃补肺丸行吗,肺内膜结核痊愈后还继续吃补肺丸吗,1
222,咳血,肺内膜结核好了还吃补肺丸行吗,只要是结核病都能吃补肺丸吗,0
223,咳血,肺内膜结核好了还吃补肺丸行吗,补肺丸主要治那种病,0
224,咳血,肺内膜结核好了还吃补肺丸行吗,肺内膜结核是怎么回事,0
225,咳血,百令胶囊的服用时间是怎么样的呢,百令胶囊的用法用量,1
226,咳血,百令胶囊的服用时间是怎么样的呢,百令胶囊一天吃几次,1
227,咳血,百令胶囊的服用时间是怎么样的呢,百令胶囊可以长期服用吗,0
228,咳血,百令胶囊的服用时间是怎么样的呢,长期服用百令胶囊有什么危害,0
229,咳血,百令胶囊的服用时间是怎么样的呢,百令胶囊禁忌高血压心脏病患者吗,0
230,咳血,服用鹤蟾片有什么不良反应,服用鹤蟾片有哪些不良反应,1
231,咳血,服用鹤蟾片有什么不良反应,服用鹤蟾片有哪些副作用,1
232,咳血,服用鹤蟾片有什么不良反应,鹤蟾片的功效有哪些,0
233,咳血,服用鹤蟾片有什么不良反应,鹤蟾片用于哪些病症,0
234,咳血,服用鹤蟾片有什么不良反应,鹤蟾片是中药还是西药,0
235,咳血,大补阴丸饭前服用还是饭后服用呢,大补阴丸的服用时间是饭前还是餐后,1
236,咳血,大补阴丸饭前服用还是饭后服用呢,大补阴丸应该在餐前还是饭后吃,1
237,咳血,大补阴丸饭前服用还是饭后服用呢,肺结核可以吃大补阴丸吗,0
238,咳血,大补阴丸饭前服用还是饭后服用呢,成人儿童都能服用大补阴丸吗,0
239,咳血,大补阴丸饭前服用还是饭后服用呢,大补阴丸对糖尿病有疗效吗,0
240,咳血,同仁堂二母宁嗽丸的疗效好不好,同仁堂二母宁嗽丸的疗效怎么样,1
241,咳血,同仁堂二母宁嗽丸的疗效好不好,同仁堂二母宁嗽丸的疗效好吗,1
242,咳血,同仁堂二母宁嗽丸的疗效好不好,怀孕的妈妈咳嗽可以吃同仁堂二母宁嗽丸吗,0
243,咳血,同仁堂二母宁嗽丸的疗效好不好,肺炎可以吃同仁堂二母宁嗽丸吗,0
244,咳血,同仁堂二母宁嗽丸的疗效好不好,服用同仁堂二母宁嗽丸有什么注意事项吗,0
245,咳血,大补阴丸多少钱可以买到一盒呢,大补阴丸多少钱一盒,1
246,咳血,大补阴丸多少钱可以买到一盒呢,大补阴丸一盒几块钱,1
247,咳血,大补阴丸多少钱可以买到一盒呢,大补阴丸各大药店有售吗,0
248,咳血,大补阴丸多少钱可以买到一盒呢,糖尿病患者吃大补阴丸的同时还可以吃别的药吗,0
249,咳血,大补阴丸多少钱可以买到一盒呢,吃大补阴丸需要忌吃那种食物吗,0
250,咳血,在徐州云龙区哪里有卖雷氏大补阴丸的呢,徐州云龙区哪里有售雷氏大补阴丸的,1
251,咳血,在徐州云龙区哪里有卖雷氏大补阴丸的呢,在徐州云龙区哪里可以买到雷氏大补阴丸的,1
252,咳血,在徐州云龙区哪里有卖雷氏大补阴丸的呢,雷氏大补阴丸有什么功效与作用,0
253,咳血,在徐州云龙区哪里有卖雷氏大补阴丸的呢,雷氏大补阴丸和大补阴丸的功效作用一样吗,0
254,咳血,在徐州云龙区哪里有卖雷氏大补阴丸的呢,服用雷氏大补阴丸忌辛辣食物吗,0
255,咳血,富露施乙酰半胱氨酸颗粒对身体的危害大吗,富露施乙酰半胱氨酸颗粒对身体有危害吗,1
256,咳血,富露施乙酰半胱氨酸颗粒对身体的危害大吗,富露施乙酰半胱氨酸颗粒对身体有影响吗,1
257,咳血,富露施乙酰半胱氨酸颗粒对身体的危害大吗,富露施乙酰半胱氨酸颗粒是治疗慢性支气管炎的吗,0
258,咳血,富露施乙酰半胱氨酸颗粒对身体的危害大吗,富露施乙酰半胱氨酸颗粒能和牛奶一起喝吗,0
259,咳血,富露施乙酰半胱氨酸颗粒对身体的危害大吗,服用富露施乙酰半胱氨酸颗粒需要忌口吗,0
260,咳血,银诺克利肺片买哪个厂家生产的好呢,银诺克利肺片选哪个生产厂家的好呢,1
261,咳血,银诺克利肺片买哪个厂家生产的好呢,银诺克利肺片效果好的厂家是哪个,1
262,咳血,银诺克利肺片买哪个厂家生产的好呢,银诺克利肺片能治肺结核吗,0
263,咳血,银诺克利肺片买哪个厂家生产的好呢,银诺克利肺片是不是中成药,0
264,咳血,银诺克利肺片买哪个厂家生产的好呢,吃银诺克利肺片副作用大吗,0
265,咳血,立先裸花紫珠胶囊有什么样的功效效果好吗,立先裸花紫珠胶囊有啥作用效果好吗,1
266,咳血,立先裸花紫珠胶囊有什么样的功效效果好吗,立先裸花紫珠胶囊的疗效好吗,1
267,咳血,立先裸花紫珠胶囊有什么样的功效效果好吗,什么体质的人群不宜立先裸花紫珠胶囊,0
268,咳血,立先裸花紫珠胶囊有什么样的功效效果好吗,立先裸花紫珠胶囊可用于呼吸道和消化道出血吗,0
269,咳血,立先裸花紫珠胶囊有什么样的功效效果好吗,急性传染性肝炎可以用立先裸花紫珠胶囊吗,0
270,咳血,葵花胃康灵胶囊哪个牌子比较好,胃康灵胶囊哪个牌子比较好,1
271,咳血,葵花胃康灵胶囊哪个牌子比较好,哪个牌子的胃康灵胶囊好,1
272,咳血,葵花胃康灵胶囊哪个牌子比较好,葵花胃康灵胶囊是专治胃病的药吗,0
273,咳血,葵花胃康灵胶囊哪个牌子比较好,胃溃疡可以用胃康灵胶囊效果怎么样,0
274,咳血,葵花胃康灵胶囊哪个牌子比较好,慢性浅表性胃炎可以服用葵花胃康灵胶囊吗,0
275,咳血,您好益肺清化颗粒是甜的吗,您好益肺清化颗粒甜不甜,1
276,咳血,您好益肺清化颗粒是甜的吗,您好益肺清化颗粒是不是甜的,1
277,咳血,您好益肺清化颗粒是甜的吗,有肺结节可以吃益肺清化颗粒吗,0
278,咳血,您好益肺清化颗粒是甜的吗,益肺清化颗粒有什么作用,0
279,咳血,您好益肺清化颗粒是甜的吗,益肺清化颗粒能缓解肺癌的症状吗,0
280,咳血,服用富露施可能会出现哪些不良反应,服用富露施会导致哪些不良反应呢,1
281,咳血,服用富露施可能会出现哪些不良反应,服用富露施会有哪些副作用,1
282,咳血,服用富露施可能会出现哪些不良反应,哮喘患者禁止服用富露施吗,0
283,咳血,服用富露施可能会出现哪些不良反应,服用富露施可以治疗急性支气管炎吗,0
284,咳血,服用富露施可能会出现哪些不良反应,富露施是一种祛痰药吗,0
285,咳血,消化不良能不能服用百补增力丸,消化不良能吃百补增力丸吗,1
286,咳血,消化不良能不能服用百补增力丸,百补增力丸能治消化不良吗,1
287,咳血,消化不良能不能服用百补增力丸,百补增力丸可治疗腰腿疼痛消化不良吗,0
288,咳血,消化不良能不能服用百补增力丸,百补增力丸是中成药处方药吗,0
289,咳血,消化不良能不能服用百补增力丸,可以长期服用百补增力丸吗,0
290,咳血,你好请问达肺草有哪些作用,你好请问达肺草有哪些功效,1
291,咳血,你好请问达肺草有哪些作用,你好请问达肺草有哪些疗效,1
292,咳血,你好请问达肺草有哪些作用,服用达肺草需要注意什么吗,0
293,咳血,你好请问达肺草有哪些作用,达肺草能和那种药同时服用,0
294,咳血,你好请问达肺草有哪些作用,达肺草治感冒咳嗽吗,0
295,咳血,服用达肺草需要注意什么吗,服用达肺草需要注意哪些事项,1
296,咳血,服用达肺草需要注意什么吗,服用达肺草注意事项有哪些,1
297,咳血,服用达肺草需要注意什么吗,达肺草是纯中药吗,0
298,咳血,服用达肺草需要注意什么吗,服用达肺草有什么不良反应,0
299,咳血,服用达肺草需要注意什么吗,患有肺癌，肺结核的病人都能服用达肺草吗,0
300,咳血,服用达肺草有什么注意事项呢,服用达肺草的注意事项有哪些,1
301,咳血,服用达肺草有什么注意事项呢,服用达肺草应该注意哪些事项,1
302,咳血,服用达肺草有什么注意事项呢,服用达肺草可以治什么病,0
303,咳血,服用达肺草有什么注意事项呢,患有三高的病人能服用达肺草吗,0
304,咳血,服用达肺草有什么注意事项呢,气管炎的患者需要服用达肺草吗,0
305,咳血,请问服用达肺草的不良反应有什么呢,请问服用达肺草的不良反应有哪些呢,1
306,咳血,请问服用达肺草的不良反应有什么呢,请问服用达肺草会导致什么样的副作用 ,1
307,咳血,请问服用达肺草的不良反应有什么呢,哮喘病人可以服用达肺草吗,0
308,咳血,请问服用达肺草的不良反应有什么呢,服用达肺草能吃辛辣油腻的食物吗,0
309,咳血,请问服用达肺草的不良反应有什么呢,肺癌病人可以长期服用达肺草吗,0
310,咳血,请问痰喘服用达肺草的效果怎么样呢,服用达肺草治疗痰喘的效果如何,1
311,咳血,请问痰喘服用达肺草的效果怎么样呢,请问痰喘服用达肺草的效果好吗,1
312,咳血,请问痰喘服用达肺草的效果怎么样呢,咳血能服用达肺草吗,0
313,咳血,请问痰喘服用达肺草的效果怎么样呢,服用达肺草的同时能吃别的药吗,0
314,咳血,请问痰喘服用达肺草的效果怎么样呢,达肺草能治疗肺纤维化吗,0
315,咳血,近期在吃达肺草痰中带血用这个效果好吗,最近吃达肺草这个药，治疗痰中有血效果怎么样,1
316,咳血,近期在吃达肺草痰中带血用这个效果好吗,服用达肺草治疗痰中带血的效果如何,1
317,咳血,近期在吃达肺草痰中带血用这个效果好吗,达肺草治疗慢性支气管炎效果如何,0
318,咳血,近期在吃达肺草痰中带血用这个效果好吗,达肺草痰治疗哮喘效果怎么样,0
319,咳血,近期在吃达肺草痰中带血用这个效果好吗,服用达肺草在饮食上有什么要求吗,0
592,支原体肺炎,小儿支气管肺炎和支原体肺炎有什么区别？,小儿支气管肺炎和支原体肺炎会互相转化吗？,0
378,支原体肺炎,你家小孩子得了支原体肺炎怎么办？,得了支原体肺炎有什么症状？,0
819,支原体肺炎,依托红霉素片不知道一次喝几片,依托红霉素片多少钱在哪买？,0
417,支原体肺炎,肺炎支原体发高烧怎么办,请问支原体感染有什么症状？,0
107,支原体肺炎,小儿支原体肺炎会传染吗？,小儿支原体肺炎有哪些症状？,0
1058,支原体肺炎,肺炎输液期间吃辣椒会影响消炎吗？,宝宝肺炎输液后拉稀怎么办？,0
651,支原体肺炎,恩久平盐酸氨溴索分散片主治什么病,恩久平盐酸氨溴索分散片能治什么病？,1
967,支原体肺炎,儿子是支原体肺炎医生开了博利康尼是吗,小孩支原体肺炎吃博利康尼多久能好？,0
789,支原体肺炎,依托红霉素颗粒我实在是弄不明白怎么吃,依托红霉素颗粒治什么？,0
215,支原体肺炎,宝宝得了支原体肺炎怎么办,宝宝得了支原体肺炎该如何是好？,1
528,支原体肺炎,小儿支原体肺炎能用中医治疗吗？,小儿支原体肺炎是什么病？,0
88,支原体肺炎,支原体肺炎，吃阿奇霉素好使吗,阿奇霉素有副作用吗？,0
696,支原体肺炎,支原体肺炎阿奇霉素扎了7天停药3天又,支原体肺炎阿奇霉素扎了7天停药3天会有什么后果？,1
99,支原体肺炎,得了小儿支原体肺炎会传染给别人吗？,小儿支原体肺炎传播途径有什么？,0
409,支原体肺炎,请问顺尔宁能治疗支原体肺炎吗,治疗支原体肺炎的方法有哪些?,0
444,支原体肺炎,儿童支原体肺炎阿奇霉素吃几个疗程,儿童支原体肺炎吃什么药好？,0
577,支原体肺炎,小儿支原体肺炎但是不咳嗽，严重吗？,小儿支原体肺炎有什么症状？,0
683,支原体肺炎,口腔感染医生说是厌氧菌所致的怎么办,厌氧菌所致的口腔感染会传染吗？,0
741,支原体肺炎,孕妇有丹毒可以服用克拉霉素分散片吗,孕妇有丹毒，克拉霉素分散片可以服用吗,1
525,支原体肺炎,小儿支原体肺炎能用中医治疗吗？,中医能否医治小儿支原体肺炎？,1
403,支原体肺炎,支原体肺炎要怎么诊断检查,支原体肺炎抽血检查要空腹吗？,0
876,支原体肺炎,请问罗红霉素胶囊牙痛吃了管用吗,牙疼吃罗红霉素可以吗,1
966,支原体肺炎,儿子是支原体肺炎医生开了博利康尼是吗,儿子是支原体肺炎医生开了博利康尼有效果吗？,1
573,支原体肺炎,小儿支原体肺炎传染吗？,小儿支原体肺炎的症状有哪些？,0
453,支原体肺炎,小儿支原体肺炎吃莫西沙星吗？,小儿支原体肺炎常见吗？,0
895,支原体肺炎,罗红霉素和头孢是不是可以消炎的呢,罗红霉素和头孢是不是消炎药呢,1
865,支原体肺炎,罗红霉素长时间吃会有什么副作用吗,罗红霉素长时间服用有什么影响,1
971,支原体肺炎,请问患了支原体肺炎顺尔宁能治疗吗,患了支原体肺炎顺尔宁可否能治疗？,1
358,支原体肺炎,小儿肺炎支原体抗体弱阳性？,儿童肺炎支原体抗体弱阳性严重吗？,0
108,支原体肺炎,小儿支原体肺炎会传染吗？,小儿支原体肺炎有什么注意事项？,0
447,支原体肺炎,5岁宝宝支原体肺炎咳嗽厉害，不发烧,五岁宝宝咳嗽支原体肺炎吃什么药呢？,0
472,支原体肺炎,小儿支原体肺炎怎么样治疗,小儿支原体肺炎严重吗？,0
140,支原体肺炎,小儿支原体肺炎要怎么医治？,怎么治疗小儿支原体肺炎？,1
1000,支原体肺炎,请问顺尔宁有何功效可以治疗支原体肺炎吗,请问顺尔宁有什么作用可以用来治疗支原体肺炎吗？,1
969,支原体肺炎,儿子是支原体肺炎医生开了博利康尼是吗,小孩支原体肺炎吃博利康尼有何副作用？,0
554,支原体肺炎,小儿支原体肺炎的治疗方法有哪些？,小儿支原体肺炎吃什么食物合适？,0
729,支原体肺炎,服用肺力咳胶囊还需要服用消炎药吗,小儿咳嗽有痰，开的蒲地蓝口服液，肺力咳，需不需要再吃什么消炎药？,0
712,支原体肺炎,新生儿可以用红霉素软膏吗,成年人怎么用红霉素软膏,0
346,支原体肺炎,小孩支原体肺炎会传染吗,小孩支原体肺炎会不会传染？,1
795,支原体肺炎,罗红霉素对牙龈炎有用吗,牙龈炎吃罗红霉素可以吗,1
352,支原体肺炎,得支原体肺炎怎么办啊？,支原体肺炎是什么？,0
120,支原体肺炎,小儿支原体肺炎会反复发作吗？,小儿支原体肺炎会不会反复发作？,1
911,支原体肺炎,克拉霉素片克拉仙的成分和功效是什么,克拉霉素克拉霉素的成分功效分别有哪些,1
136,支原体肺炎,得了小儿支原体肺炎应该注意什么？,小儿支原体肺炎有什么需要注意的？,1
875,支原体肺炎,请问罗红霉素胶囊牙痛吃了管用吗,牙疼吃罗红霉素有用吗,1
458,支原体肺炎,小儿支原体肺炎的治疗方法及治疗周期,小儿支原体肺炎有什么症状呢？,0
1092,支原体肺炎,小儿支气管支原体肺炎打针后还发烧是怎么了,小儿支气管支原体肺炎能吃水果吗？,0
886,支原体肺炎,罗红霉素颗粒主要治什么啊适合三岁小孩吗,罗红霉素颗粒是不是不太适合小孩，治疗什么病呢,1
1002,支原体肺炎,请问顺尔宁有何功效可以治疗支原体肺炎吗,请问顺尔宁治疗支原体肺炎有没有不良后果？,0
625,支原体肺炎,支原体肺炎治疗注射什么药？,支原体肺炎治疗能注射哪些药？,1
330,支原体肺炎,肺炎支原体是阳性是怎么引起的,肺炎支原体阳性是什么引起的？,1
146,支原体肺炎,四环素片服用一般不超过多长时间,服用四环素片不能超过多久？,1
808,支原体肺炎,支原体衣原体尿道炎用罗红霉素怎么样,支原体衣原体尿道炎吃什么药呢,0
1091,支原体肺炎,小儿支气管支原体肺炎打针后还发烧是怎么了,为什么小儿支气管支原体肺炎打针后还发烧？,1
1047,支原体肺炎,支原体肺炎，好了以后脸和耳朵红是怎么了？,支原体肺炎有后遗症吗？,0
118,支原体肺炎,小儿支原体肺炎弱阳性严重吗？,小儿支原体肺炎弱阳性怎么治？,0
987,支原体肺炎,患有支原体肺炎现在反复发作咳嗽严重怎么办,患有支原体肺炎有哪些症状？,0
569,支原体肺炎,小儿支原体肺炎的护理是怎么样的？,小儿支原体肺炎有哪些病症？,0
499,支原体肺炎,如何缓解小儿支原体肺炎引起的咳嗽？,如何治疗小儿支原体肺炎？,0
331,支原体肺炎,肺炎支原体是阳性是怎么引起的,肺炎支原体阳性是什么原因导致的？,1
132,支原体肺炎,阿奇霉素治疗小儿支原体肺炎好吗？,阿奇霉素有什么副作用？,0
995,支原体肺炎,异丙托溴铵气雾剂小孩支原体肺炎能不能用,异丙托溴铵气雾剂小孩支原体肺炎能否使用？,1
364,支原体肺炎,小儿支原体肺炎治愈后的咳嗽,小孩支原体肺炎咳嗽可以吃鸽子吗？,0
744,支原体肺炎,孕妇有丹毒可以服用克拉霉素分散片吗,孕妇怎么吃克拉霉素分散片,0
522,支原体肺炎,宝宝是否得了新生儿支原体肺炎？,婴儿支原体肺炎的症状有哪些？,0
379,支原体肺炎,你家小孩子得了支原体肺炎怎么办？,支原体肺炎能治好吗？,0
936,支原体肺炎,硬脂酸红霉素颗粒平台有出售吗,硬脂酸红霉素颗粒平台有卖的没有？,1
599,支原体肺炎,小儿推拿对支原体肺炎有帮助吗？,小儿支原体肺炎有什么症状？,0
373,支原体肺炎,小孩得了支原体肺炎用什么药治最好？,小孩支原体肺炎严重吗？,0
873,支原体肺炎,你好孩子4岁咳嗽可以吃罗红霉素吗,咳嗽要吃罗红霉素吗,0
446,支原体肺炎,5岁宝宝支原体肺炎咳嗽厉害，不发烧,5岁宝宝支原体肺炎咳嗽厉害，不发烧如何是好？,1
185,支原体肺炎,我儿子气管炎吃罗红霉素可以吗,我儿子昨天就患有气管炎吃罗红霉素这个药治疗管用吗,1
508,支原体肺炎,婴幼儿支原体肺炎感染能治好吗,宝宝支原体肺炎感染有什么方法治疗？,0
82,支原体肺炎,支原体肺炎阳性吃什么药好,支原体肺炎阳性是什么意思？,0
704,支原体肺炎,克拉霉素胶囊有什么作用适应症是什么呢,克拉霉素胶囊适合什么人群服用？,0
773,支原体肺炎,咨询罗红霉素片的作用和副作用,罗红霉素是什么药,0
60,支原体肺炎,儿童支原体肺炎怎么治疗,孩子得了支原体肺炎要怎么治疗？,1
511,支原体肺炎,什么是支原体小儿肺炎？,支原体小儿肺炎是什么意思？,1
677,支原体肺炎,有什么药可以预防小儿支原体肺炎复发吗,小儿支原体肺炎如何预防？,0
834,支原体肺炎,请问怀孕期间可以服用罗红霉素吗,请问怀孕期间可以吃消炎药吗？,0
1025,支原体肺炎,请问顺尔宁是用于什么疾病的,请问顺尔宁能治什么疾病？,1
814,支原体肺炎,你好我想咨询下利君沙颗粒怎么样,我想问利君沙颗粒是什么呢,0
775,支原体肺炎,红霉素能治烫伤吗是有什么治疗的药用吗,红霉素软膏能治烫伤吗,1
160,支原体肺炎,盐酸多西环素胶囊可以治疗梅毒吗,梅毒可以用盐酸多西环素这个药治好吗,1
899,支原体肺炎,罗红霉素和头孢是不是可以消炎的呢,头孢和罗红霉素颗粒小孩纸不是不适合吃,0
629,支原体肺炎,支原体肺炎治疗注射什么药？,怎么诊断检查支原体肺炎？,0
882,支原体肺炎,琥乙红霉素片是消炎药吗,琥乙红霉素片是抗生素吗,0
692,支原体肺炎,扁桃体老是反复每次掉几瓶药水怎么好,扁桃体老是反复是为什么？,0
61,支原体肺炎,儿童支原体肺炎怎么治疗,儿童支原体肺炎该如何治疗？,1
404,支原体肺炎,支原体肺炎要怎么诊断检查,如何看支原体肺炎检查报告？,0
603,支原体肺炎,小儿支原体肺炎治疗方法有哪些？,小儿肺炎支原体肺炎有没有后遗症?,0
1010,支原体肺炎,支原体肺炎感染，可以不打吊瓶嘛？,支原体肺炎感染，不打吊瓶可以吗？,1
593,支原体肺炎,小儿支气管肺炎和支原体肺炎有什么区别？,小儿支气管肺炎有什么症状？,0
710,支原体肺炎,新生儿可以用红霉素软膏吗,刚出生的小孩可以用红霉素软膏吗,1
441,支原体肺炎,儿童支原体肺炎阿奇霉素吃几个疗程,治疗儿童支原体肺炎阿奇霉素要吃几个疗程药？,1
779,支原体肺炎,红霉素能治烫伤吗是有什么治疗的药用吗,红霉素的效果怎么样,0
877,支原体肺炎,请问罗红霉素胶囊牙痛吃了管用吗,牙痛吃罗红霉素吃多了，现在出现肚子痛,0
357,支原体肺炎,小儿肺炎支原体抗体弱阳性？,肺炎支原体弱阳性怎么治疗？,0
601,支原体肺炎,小儿支原体肺炎治疗方法有哪些？,小儿支原体肺炎有什么治疗方案?,1
1036,支原体肺炎,成年人会得支原体肺炎吗？,成年人是否会患上支原体肺炎吗？,1
460,支原体肺炎,孩子支原体肺炎治好以后会复发吗,小孩得支原体肺炎好了会复发吗？,1
506,支原体肺炎,婴幼儿支原体肺炎感染能治好吗,宝宝肺炎支原体感染可以治好吗？,1
410,支原体肺炎,小儿支原体肺炎有什么症状,小儿支原体肺炎的症状有哪些？,1
479,支原体肺炎,太儿欣罗红霉素干混悬剂怎么吃,罗红霉素对小孩眼睛有刺激吗？,0
324,支原体肺炎,小儿肺炎支原体肺炎有后遗症吗,小儿支原体肺炎好治不？,0
350,支原体肺炎,得支原体肺炎怎么办啊？,得支原体肺炎如何是好？,1
1046,支原体肺炎,支原体肺炎，好了以后脸和耳朵红是怎么了？,支原体肺炎，好了以后脸和耳朵红是怎么回事？,1
842,支原体肺炎,反复发高烧基于这样的情况越想越担心,反复发烧是什么意思,0
524,支原体肺炎,宝宝是否得了新生儿支原体肺炎？,宝宝得了肺炎，为什么要查衣原体和支原体？,0
638,支原体肺炎,服用罗红霉素会有什么不良反应,出现不良反应需要停药吗？,0
96,支原体肺炎,得了小儿支原体肺炎会传染给别人吗？,得了小儿支原体肺炎能否传染给别人？,1
121,支原体肺炎,小儿支原体肺炎会反复发作吗？,小儿支原体肺炎是不是经常复发？,1
991,支原体肺炎,请问顺尔宁治支原体衣原体肺炎吗有效果吗,请问顺尔宁可以治支原体衣原体肺炎吗会有效果吗？,1
908,支原体肺炎,请问感冒嗓子疼可以吃利君沙吗,头孢还是利君沙哪个好,0
353,支原体肺炎,得支原体肺炎怎么办啊？,支原体肺炎怎么诊断？,0
224,支原体肺炎,我的一个女儿患了支原体肺炎刚出生怎么办,小儿支原体肺炎是什么症状？,0
464,支原体肺炎,孩子支原体肺炎治好以后会复发吗,孩子支原体肺炎好了后如何增加营养？,0
783,支原体肺炎,你好我家孩子嗓子发炎吃利君沙管用吗,我家小孩嗓子发炎吃什么药,0
388,支原体肺炎,支原体肺炎的症状及治疗方法是什么,肺炎支原体培养及药敏的检验单怎么看？,0
1068,支原体肺炎,支原体肺炎恢复期传染吗,支原体感染肺炎好治疗吗？,0
532,支原体肺炎,造成小儿支原体肺炎的原因有哪些？,小儿支原体肺炎能否自愈？,0
667,支原体肺炎,扁桃体炎能吃克拉霉素分散片吗,克拉霉素分散片有什么注意事项吗？,0
857,支原体肺炎,永喜盐酸多西环素肠溶胶囊最多吃多久呢,盐酸多西环素肠溶胶囊怎么样,0
336,支原体肺炎,支原体肺炎症状有哪些？,支原体肺炎表现有哪些？,1
765,支原体肺炎,哪些疾病适合吃克拉霉素胶囊,克拉霉素胶囊治疗什么病,1
735,支原体肺炎,扁桃体经常反复请问还需要补充什么吗,扁桃体炎复发要补充什么呢,1
154,支原体肺炎,红霉素肠溶片能治好尿道炎吗,红霉素肠溶片需要注意什么？,0
392,支原体肺炎,宝宝支原体肺炎感染的症状有哪些？,宝宝肺炎支原体感染多久能好？,0
178,支原体肺炎,依托红霉素颗粒主治什么病,依托红霉素颗粒怎么吃,0
1065,支原体肺炎,支原体肺炎恢复期传染吗,支原体肺炎恢复期会传染吗？,1
485,支原体肺炎,小儿支原体肺炎咳嗽吃什么药好,小儿支原体肺炎咳嗽该吃什么药？,1
501,支原体肺炎,支原体肺炎一定会得哮喘吗,支原体肺炎会引发哮喘吗？,1
459,支原体肺炎,小儿支原体肺炎的治疗方法及治疗周期,小儿支原体肺炎传染吗？,0
985,支原体肺炎,患有支原体肺炎现在反复发作咳嗽严重怎么办,患有支原体肺炎现在反复发作咳嗽严重如何是好？,1
209,支原体肺炎,支原体肺炎刺激性咳反复发作可以用什么药,支原体肺炎刺激性咳反复发作能根治吗？,0
889,支原体肺炎,罗红霉素颗粒主要治什么啊适合三岁小孩吗,三岁小孩适合吃什么药,0
958,支原体肺炎,阿奇霉素干混悬剂治疗小儿支原体肺炎有效果吗？,阿奇霉素干混悬剂治疗小儿支原体肺炎用法用量是什么？,0
461,支原体肺炎,孩子支原体肺炎治好以后会复发吗,小孩得支原体肺炎治愈后还复发吗？,1
435,支原体肺炎,儿童支原体肺炎阿奇霉素吃几个疗程,儿童支原体肺炎需要吃阿奇霉素几个疗程？,1
675,支原体肺炎,有什么药可以预防小儿支原体肺炎复发吗,预防小儿支原体肺炎复发的药有什么？,1
653,支原体肺炎,恩久平盐酸氨溴索分散片主治什么病,恩久平盐酸氨溴索分散片的副作用是什么？,0
797,支原体肺炎,罗红霉素对牙龈炎有用吗,罗红霉素吃多少才能好,0
871,支原体肺炎,你好孩子4岁咳嗽可以吃罗红霉素吗,小孩感冒咳嗽可以吃罗红霉素吗,1
903,支原体肺炎,请问利君沙和甲硝唑吃完有会药物反应吗,利君沙和甲硝唑分别治疗什么,0
881,支原体肺炎,琥乙红霉素片是消炎药吗,琥乙红霉素颗粒是消炎药吗？,1
520,支原体肺炎,宝宝是否得了新生儿支原体肺炎？,怎么确定宝宝得了肺炎支原体？,1
356,支原体肺炎,小儿肺炎支原体抗体弱阳性？,小儿肺炎支原体抗体弱阳性的含义是什么？,1
370,支原体肺炎,小孩得了支原体肺炎用什么药治最好？,小孩得了支原体肺炎什么药效果好？,1
422,支原体肺炎,肺炎支原体发高烧怎么办,肺炎支原体发高烧严重吗？,0
412,支原体肺炎,小儿支原体肺炎有什么症状,小儿支原体肺炎怎么治？,0
764,支原体肺炎,我感到鼻子堵喉咙痒咳嗽吃点罗红霉素行吗,罗红霉素是不是消炎药,0
347,支原体肺炎,小孩支原体肺炎会传染吗,小孩支原体肺炎的症状有哪些啊？,0
1022,支原体肺炎,支原体肺炎吃转移因子胶囊可以吗,支原体肺炎会自己好吗？,0
498,支原体肺炎,如何缓解小儿支原体肺炎引起的咳嗽？,小儿支原体肺炎有哪些症状？,0
565,支原体肺炎,小儿支原体肺炎的护理是怎么样的？,小儿支原体肺炎怎么护理？,1
753,支原体肺炎,请问红霉素颗粒6岁宝宝一次喂多少合适啊,红霉素颗粒主要有什么疗效呢,0
1101,支原体肺炎,"女儿九岁,支原体肺炎,已吃药两天不见好怎么办","女儿九岁,支原体肺炎,已吃药两天不见好该如何是好？",1
180,支原体肺炎,他罗算霉素和清淋颗粒是不是男女都能用,他罗算霉素和清淋颗粒男女适用吗,1
1012,支原体肺炎,支原体肺炎感染，可以不打吊瓶嘛？,支原体肺炎感染怎么治疗？,0
366,支原体肺炎,小儿推拿能治疗支原体肺炎吗,小儿推拿可以治支原体肺炎吗？,1
771,支原体肺炎,咨询罗红霉素片的作用和副作用,请问克拉霉素胶囊的副作用是什么？作用是啥呢,1
97,支原体肺炎,得了小儿支原体肺炎会传染给别人吗？,小儿支原体肺炎有什么症状？,0
1005,支原体肺炎,宝宝一周得了支原体肺炎输了五天阿奇霉素可以吗,宝宝一周得了支原体肺炎输了五天阿奇霉素可以这样吗？,1
937,支原体肺炎,硬脂酸红霉素颗粒平台有出售吗,硬脂酸红霉素颗粒有什么注意事项？,0
811,支原体肺炎,你好我想咨询下利君沙颗粒怎么样,利君沙颗粒怎么样呢，有什么作用,1
800,支原体肺炎,请问一下医生依托红霉素颗粒能治疗干咳吗,请问依托红霉素颗粒能治疗干咳吗,1
174,支原体肺炎,请问罗红霉素能够治疗什么疾病的,我想问一下罗红霉素胶囊副作用主要是什么？,0
516,支原体肺炎,婴儿吃阿奇霉素会引起吐奶吗？,吃阿奇霉素会导致宝宝吐奶吗？,1
582,支原体肺炎,中医可以治疗小儿支原体肺炎吗？,中医如何治疗小儿支原体肺炎？,0
221,支原体肺炎,我的一个女儿患了支原体肺炎刚出生怎么办,我的一个刚出生女儿患了支原体肺炎该怎么做才好？,1
976,支原体肺炎,请问顺尔宁能治疗支原体肺炎吗效果可以吗,请问顺尔宁是否可以治疗支原体肺炎效果怎么样？,1
1013,支原体肺炎,支原体肺炎感染，可以不打吊瓶嘛？,支原体肺炎感染有什么症状？,0
863,支原体肺炎,地红霉素肠溶片可以在感冒时可以吃吗,地红霉素肠溶片有什么疗效,0
543,支原体肺炎,小儿支原体肺炎食疗是怎么样的？,小儿支原体肺炎有什么症状？,0
558,支原体肺炎,小儿支原体肺炎的症状是什么？,小儿支原体肺炎会传染吗？,0
586,支原体肺炎,小儿支原体肺炎复发了该怎么办？,小儿支原体肺炎复发了怎么做？,1
914,支原体肺炎,克拉霉素片克拉仙的成分和功效是什么,吃克拉霉素有不良反应怎么办,0
218,支原体肺炎,宝宝得了支原体肺炎怎么办,支原体肺炎不可以根治吗？,0
685,支原体肺炎,红霉素软膏的适应症是什么,红霉素软膏的适应症有哪些？,1
193,支原体肺炎,我想问你红霉素对耳炎有用吗,耳炎需要吃什么药,0
437,支原体肺炎,儿童支原体肺炎阿奇霉素吃几个疗程,支原体肺炎吃阿奇霉素有副作用吗？,0
750,支原体肺炎,请问红霉素颗粒6岁宝宝一次喂多少合适啊,红霉素颗粒小孩一次吃多少合适,1
766,支原体肺炎,哪些疾病适合吃克拉霉素胶囊,克拉霉素胶囊对什么疾病有用,1
368,支原体肺炎,小儿推拿能治疗支原体肺炎吗,孩子支原体咳嗽怎么回事？,0
151,支原体肺炎,红霉素肠溶片能治好尿道炎吗,红霉素肠溶片可以治好尿道炎吗,1
770,支原体肺炎,咨询罗红霉素片的作用和副作用,罗红霉素的功效是什么？有哪些副作用？,1
127,支原体肺炎,导致小儿支原体肺炎的原因有哪些？,小儿支原体肺炎的症状有哪些？,0
411,支原体肺炎,小儿支原体肺炎有什么症状,小儿支原体肺炎症状是什么？,1
748,支原体肺炎,克拉霉素怎么没有详细介绍,克拉霉素怎么治疗的,0
739,支原体肺炎,扁桃体经常反复请问还需要补充什么吗,扁桃体炎怎么治疗,0
518,支原体肺炎,婴儿吃阿奇霉素会引起吐奶吗？,婴儿吃阿奇霉素会有什么不良反应吗？,0
925,支原体肺炎,两岁半宝宝用复方异托溴铵做雾化用量多少,两岁半宝宝用复方异托溴铵做雾化该服用的用量是多少？,1
708,支原体肺炎,您好请问红霉素可以治疗中耳炎吗,红霉素可以治疗什么病,0
721,支原体肺炎,红霉素肠溶片这个药主要有什么功效怎么用,红霉素肠溶片要怎么用，功效是啥,1
529,支原体肺炎,小儿支原体肺炎能用中医治疗吗？,小儿支原体肺炎饮食需要注意什么？,0
145,支原体肺炎,四环素片服用一般不超过多长时间,四环素片服用不能超过多长时间？,1
787,支原体肺炎,依托红霉素颗粒我实在是弄不明白怎么吃,依托红霉素颗粒是什么药,0
427,支原体肺炎,肺炎支原体弱阳性怎么治疗最佳,肺炎支原体弱阳性是什么意思？,0
650,支原体肺炎,恩久平盐酸氨溴索分散片主治什么病,恩久平盐酸氨溴索分散片是治疗什么的？,1
610,支原体肺炎,小儿支原体肺炎治愈的标准？,小儿支原体肺炎治愈的标准是什么？,1
916,支原体肺炎,宝宝得支原体肺炎必须有什么方法能治愈好,宝宝得支原体肺炎要采取哪种办法能治愈好？,1
1009,支原体肺炎,宝宝一周得了支原体肺炎输了五天阿奇霉素可以吗,得了支原体肺炎输阿奇霉素有啥副作用？,0
831,支原体肺炎,请问怀孕期间可以服用罗红霉素吗,怀孕期间吃罗红霉素可以吗,1
1039,支原体肺炎,成年人会得支原体肺炎吗？,支原体肺炎会有哪些症状？,0
213,支原体肺炎,儿童支原体肺炎如何治疗,小儿支原体肺炎怎么确诊？,0
1077,支原体肺炎,两岁六个月宝宝支原体肺炎怎么办？,宝宝支原体肺炎多久能好？,0
815,支原体肺炎,依托红霉素片不知道一次喝几片,依托红霉素片一次吃多少,1
796,支原体肺炎,罗红霉素对牙龈炎有用吗,牙龈炎吃罗红霉素缓释胶囊有用吗效果好吗,1
546,支原体肺炎,小儿支原体肺炎护理需要注意什么？,小儿支原体肺炎护理有什么注意事项？,1
589,支原体肺炎,小儿支原体肺炎复发了该怎么办？,小儿支原体肺炎多长时间能治好？,0
754,支原体肺炎,请问红霉素颗粒6岁宝宝一次喂多少合适啊,红霉素和红霉素颗粒的区别是什么,0
1044,支原体肺炎,你好，两岁多女孩去医院检查为支原体肺炎怎么治？,小孩支原体的病因是什么？,0
1003,支原体肺炎,请问顺尔宁有何功效可以治疗支原体肺炎吗,请问顺尔宁的注意事项是什么？,0
768,支原体肺炎,哪些疾病适合吃克拉霉素胶囊,吃了克拉霉素难受怎么办？,0
674,支原体肺炎,哺乳期可以用红霉素软膏吗,红霉素软膏的副作用有哪些？,0
641,支原体肺炎,四环素洽疗解脲支原体效果好吗,四环素洽疗解脲支原体管用吗？,1
728,支原体肺炎,服用肺力咳胶囊还需要服用消炎药吗,肺力咳胶囊跟肺力咳合剂哪个好一些？,0
114,支原体肺炎,推拿能治疗小儿支原体肺炎吗？,小儿肺炎支原体严重吗？,0
917,支原体肺炎,宝宝得支原体肺炎必须有什么方法能治愈好,宝宝肺炎支原体感染的症状主要是什么？,0
620,支原体肺炎,支原体肺炎打点滴好还是吃药效果好？,支原体肺炎打点滴和吃药哪个效果好？,1
66,支原体肺炎,支原体肺炎一般要治疗多久能好,肺炎支原体多久能治好？,1
856,支原体肺炎,永喜盐酸多西环素肠溶胶囊最多吃多久呢,永喜盐酸多西环素肠溶胶囊药吃多少疗程，要多久？,1
948,支原体肺炎,得了支原体肺炎可以服用顺尔宁吗,得了支原体肺炎怎么治疗有效果？,0
933,支原体肺炎,四环素片的主要功效和它的用法用量哦,四环素片的适应症是什么？,0
984,支原体肺炎,多潘立酮混悬液和什么药物吃有反应,请问多潘立酮混悬液贵吗？,0
105,支原体肺炎,小儿支原体肺炎会传染吗？,小儿支原体肺炎会不会传染？,1
999,支原体肺炎,异丙托溴铵气雾剂小孩支原体肺炎能不能用,异丙托溴铵气雾剂的用法用量是什么？,0
718,支原体肺炎,请问肝功能不全的人可以服用罗红霉素片吗,请问肝功能不全的人怎么服用药,0
340,支原体肺炎,支原体肺炎怎样治疗和食疗,支原体感染引发的肺炎如何治疗以及食疗呀？,1
1072,支原体肺炎,支原体肺炎要怎么治疗好,小儿支原体肺炎患者应该吃什么好？,0
957,支原体肺炎,阿奇霉素干混悬剂治疗小儿支原体肺炎有效果吗？,阿奇霉素干混悬剂有什么副作用？,0
701,支原体肺炎,克拉霉素胶囊有什么作用适应症是什么呢,克拉霉素胶囊的作用是什么？适应症有哪些？,1
512,支原体肺炎,什么是支原体小儿肺炎？,支原体小儿肺炎有哪些症状？,0
355,支原体肺炎,小儿肺炎支原体抗体弱阳性？,小儿肺炎支原体抗体弱阳性是什么意思？,1
153,支原体肺炎,红霉素肠溶片能治好尿道炎吗,尿道炎有哪些症状？,0
443,支原体肺炎,儿童支原体肺炎阿奇霉素吃几个疗程,儿童支原体肺炎吃阿奇霉素过量了怎么办？,0
141,支原体肺炎,小儿支原体肺炎要怎么医治？,小儿支原体肺炎该如何医治？,1
943,支原体肺炎,顺尔宁治支原体衣原体肺炎吗,感冒咳嗽顺尔宁可以兑水吃吗？,0
595,支原体肺炎,小儿推拿对支原体肺炎有帮助吗？,小儿推拿对支原体肺炎有效果吗？,1
519,支原体肺炎,婴儿吃阿奇霉素会引起吐奶吗？,阿奇霉素能治好小儿支原体肺炎吗？,0
920,支原体肺炎,我女儿6岁支原体肺炎打了5天阿奇霉素不见好怎么办？,我女儿6岁支原体肺炎打了5天阿奇霉素不见好怎么做？,1
326,支原体肺炎,治支原体肺炎红霉素好不好,治支原体肺炎服用红霉素好不好？,1
812,支原体肺炎,你好我想咨询下利君沙颗粒怎么样,利君沙颗粒是什么,0
219,支原体肺炎,宝宝得了支原体肺炎怎么办,"宝宝得了支原体感染肺炎,输水了老是迷睡怎么办？",0
855,支原体肺炎,永喜盐酸多西环素肠溶胶囊最多吃多久呢,永喜盐酸多西环素肠溶胶囊吃多久就要停了,1
426,支原体肺炎,肺炎支原体弱阳性怎么治疗最佳,如何治肺炎支原体弱阳性效果好？,1
867,支原体肺炎,罗红霉素长时间吃会有什么副作用吗,罗红霉素长时间吃会不会治好病,0
329,支原体肺炎,治支原体肺炎红霉素好不好,支原体肺炎治疗要多长时间用红霉素？,0
1076,支原体肺炎,两岁六个月宝宝支原体肺炎怎么办？,两岁六个月宝宝支原体肺炎该怎么治疗？,1
1074,支原体肺炎,支原体肺炎要怎么治疗好,肺炎支原体感染患者接触如何预防？,0
110,支原体肺炎,推拿能治疗小儿支原体肺炎吗？,推拿对治疗小儿支原体肺炎有效吗？,1
489,支原体肺炎,小儿支原体肺炎咳嗽吃什么药好,小儿支原体肺炎咳嗽怎么治？,0
534,支原体肺炎,造成小儿支原体肺炎的原因有哪些？,小儿肺炎支原体严重吗？,0
847,支原体肺炎,好你好感冒嗓子疼可以吃利君沙吗,喉咙发炎肿痛，吃利君沙好还是头孢好？,0
657,支原体肺炎,永喜盐酸多西环素肠溶胶囊有什么作用,永喜盐酸多西环素肠溶胶囊怎么服用？,0
405,支原体肺炎,请问顺尔宁能治疗支原体肺炎吗,顺尔宁能不能治疗支原体肺炎？,1
158,支原体肺炎,克拉霉素缓释胶囊属于抗生素类消炎药吗,阿莫西林胶囊属于抗生素还是消炎药呢,0
694,支原体肺炎,扁桃体老是反复每次掉几瓶药水怎么好,扁桃体发炎的原因是什么？,0
636,支原体肺炎,服用罗红霉素会有什么不良反应,罗红霉素的不良反应是什么？,1
217,支原体肺炎,宝宝得了支原体肺炎怎么办,宝宝为什么会得支原体肺炎？,0
637,支原体肺炎,服用罗红霉素会有什么不良反应,罗红霉素引起的不良反应怎么处理？,0
880,支原体肺炎,琥乙红霉素片是消炎药吗,琥乙红霉素颗粒是不是消炎药,1
164,支原体肺炎,盐酸多西环素胶囊可以治疗梅毒吗,盐酸多西环素的质疑事项有哪些,0
891,支原体肺炎,依托红霉素颗粒三个多月的宝宝可以吃吗,五个多月的宝宝可以吃依托红霉素颗粒吗,1
377,支原体肺炎,你家小孩子得了支原体肺炎怎么办？,小孩子得了支原体肺炎会传染吗？,0
391,支原体肺炎,宝宝支原体肺炎感染的症状有哪些？,宝宝支原体肺炎感染有什么症状？,1
965,支原体肺炎,儿子是支原体肺炎医生开了博利康尼是吗,儿子是支原体肺炎医生开了博利康尼管用吗？,1
374,支原体肺炎,小孩得了支原体肺炎用什么药治最好？,小孩支原体肺炎饮食上吃什么好？,0
982,支原体肺炎,多潘立酮混悬液和什么药物吃有反应,多潘立酮混悬液的主要功能有哪些呢？,0
564,支原体肺炎,小儿支原体肺炎的饮食需要注意吗？,小儿支原体肺炎如何食疗？,0
902,支原体肺炎,请问利君沙和甲硝唑吃完有会药物反应吗,利君沙和甲硝唑有什么区别,0
703,支原体肺炎,克拉霉素胶囊有什么作用适应症是什么呢,克拉霉素胶囊需要注意什么？,0
717,支原体肺炎,请问肝功能不全的人可以服用罗红霉素片吗,请问肝功能不全的人可以服用哪些消炎药,0
448,支原体肺炎,5岁宝宝支原体肺炎咳嗽厉害，不发烧,宝宝发烧肺炎支原体是阳性怎么办？,0
351,支原体肺炎,得支原体肺炎怎么办啊？,得支原体肺炎怎么治疗？,1
782,支原体肺炎,你好我家孩子嗓子发炎吃利君沙管用吗,喉咙发炎肿痛，吃利君沙好还是头孢好？,0
970,支原体肺炎,请问患了支原体肺炎顺尔宁能治疗吗,请问顺尔宁能治疗支原体肺炎患者吗？,1
1084,支原体肺炎,3岁宝宝支原体肺炎，弱阳性是什么啊。,支原体肺炎弱阳性怎么治？,0
570,支原体肺炎,小儿支原体肺炎传染吗？,小儿支原体肺炎会不会传染？,1
387,支原体肺炎,支原体肺炎的症状及治疗方法是什么,肺炎衣原体与肺炎支原体有什么区别？,0
806,支原体肺炎,支原体衣原体尿道炎用罗红霉素怎么样,罗红霉素对支原体衣原体尿道炎有效果吗,1
130,支原体肺炎,阿奇霉素治疗小儿支原体肺炎好吗？,阿奇霉素能治好小儿支原体肺炎吗？,1
845,支原体肺炎,好你好感冒嗓子疼可以吃利君沙吗,我感冒嗓子疼可以吃利君沙吗,1
486,支原体肺炎,小儿支原体肺炎咳嗽吃什么药好,小儿支原体肺炎咳嗽吃什么药有效？,1
450,支原体肺炎,小儿支原体肺炎吃莫西沙星吗？,支原体感染可以吃莫西沙星片吗?,1
1064,支原体肺炎,宝宝前段时间支原体肺炎，好了快半月了又复发咋办,宝宝支原体肺炎多久能好？,0
853,支原体肺炎,小儿支原体肺炎的恢复期治疗要注意什么,支原体肺炎会不会恢复,0
375,支原体肺炎,你家小孩子得了支原体肺炎怎么办？,孩子得了支原体肺炎怎么办才好？,1
820,支原体肺炎,6岁小孩反复感冒咳嗽好后咽喉长了一些,小孩反复感冒咽喉长了怎么办？,1
210,支原体肺炎,儿童支原体肺炎如何治疗,小儿支原体肺炎怎么治疗？,1
92,支原体肺炎,得了小儿支原体肺炎，血常规正常吗？,怎么判断咳嗽是否为支原体感染？,0
705,支原体肺炎,您好请问红霉素可以治疗中耳炎吗,中耳炎用罗红霉素管用吗,1
513,支原体肺炎,什么是支原体小儿肺炎？,怎么治疗支原体小儿肺炎？,0
972,支原体肺炎,请问患了支原体肺炎顺尔宁能治疗吗,患了支原体肺炎要注意什么？,0
790,支原体肺炎,四环素是黄安类吗160它主要是治什么病,四环素是不是黄安类，治疗什么病的？,1
212,支原体肺炎,儿童支原体肺炎如何治疗,小儿支原体肺炎是什么？,0
328,支原体肺炎,治支原体肺炎红霉素好不好,支原体肺炎用头孢吗？,0
626,支原体肺炎,支原体肺炎治疗注射什么药？,支原体肺炎治疗又什么药可以注射？,1
89,支原体肺炎,支原体肺炎，吃阿奇霉素好使吗,支原体肺炎有什么症状？,0
560,支原体肺炎,小儿支原体肺炎的饮食需要注意吗？,小儿支原体肺炎的饮食有什么要注意的？,1
978,支原体肺炎,请问顺尔宁能治疗支原体肺炎吗效果可以吗,治疗支原体肺炎能长期服用顺尔宁吗？,0
495,支原体肺炎,如何缓解小儿支原体肺炎引起的咳嗽？,缓解小儿支原体肺炎引起的咳嗽有什么方法？,1
804,支原体肺炎,请问一下医生依托红霉素颗粒能治疗干咳吗,干咳怎么办，吃什么药呢,0
922,支原体肺炎,我女儿6岁支原体肺炎打了5天阿奇霉素不见好怎么办？,支原体肺炎打阿奇霉素不见好是什么原因？,0
1099,支原体肺炎,小孩患支原体肺炎，还低烧，怎么办？,孩子5岁肺炎支原体阳性低烧正常吗？,0
1041,支原体肺炎,你好，两岁多女孩去医院检查为支原体肺炎怎么治？,你好，两岁多女孩去医院检查为支原体肺炎该怎么治疗呢？,1
713,支原体肺炎,新生儿可以用红霉素软膏吗,新生儿怎么用红霉素软膏,0
191,支原体肺炎,我想问你红霉素对耳炎有用吗,耳炎可不可以用红霉素治疗,1
563,支原体肺炎,小儿支原体肺炎的饮食需要注意吗？,怎么治疗小儿支原体肺炎？,0
1008,支原体肺炎,宝宝一周得了支原体肺炎输了五天阿奇霉素可以吗,支原体肺炎可以根治吗？,0
396,支原体肺炎,肺炎支原体肺炎怎么治疗,肺炎支原体肺炎如何治疗？,1
195,支原体肺炎,蒲地蓝消炎口服液治疗宝宝流鼻涕吗,宝宝喝蒲地蓝消炎口服液能治好流鼻涕吗？,1
681,支原体肺炎,口腔感染医生说是厌氧菌所致的怎么办,口腔感染医生说是厌氧菌所致的怎么处理？,1
480,支原体肺炎,治疗支原体肺炎哪种药为首选,治疗支原体肺炎首选哪种药为好？,1
774,支原体肺炎,咨询罗红霉素片的作用和副作用,罗红霉素片和红霉素的区别,0
928,支原体肺炎,两岁半宝宝用复方异托溴铵做雾化用量多少,复方异托溴铵做雾化有没有副作用？,0
384,支原体肺炎,如何正规治疗小儿支原体肺炎,小儿支原体肺炎如何预防？,0
1015,支原体肺炎,支原体肺炎感染，可以不打吊瓶嘛？,支原体肺炎感染能否不打吊瓶？,1
689,支原体肺炎,红霉素软膏的适应症是什么,红霉素软膏有什么功效？,0
1083,支原体肺炎,3岁宝宝支原体肺炎，弱阳性是什么啊。,支原体肺炎好治吗？,0
423,支原体肺炎,肺炎支原体发高烧怎么办,肺炎支原体发高烧能吃退烧药吗？,0
941,支原体肺炎,顺尔宁治支原体衣原体肺炎吗,患支原体肺炎，顺尔宁能治疗这个吗？,1
821,支原体肺炎,6岁小孩反复感冒咳嗽好后咽喉长了一些,小孩反复咳嗽好了咽喉怎么长了呢,1
890,支原体肺炎,依托红霉素颗粒三个多月的宝宝可以吃吗,四个月宝宝可以喝依托红霉素,1
631,支原体肺炎,支原体肺炎好后反复咳嗽怎么治疗？,支原体肺炎好后反复咳嗽怎么办？,1
658,支原体肺炎,永喜盐酸多西环素肠溶胶囊有什么作用,永喜盐酸多西环素肠溶胶囊有什么需要注意的？,0
756,支原体肺炎,小儿咽扁颗粒和罗红霉素颗粒能一起吃吗,咽扁颗粒和罗红霉素颗粒可以让小孩一块吃吗,1
618,支原体肺炎,支原体肺炎低烧不退该怎么办？,支原体肺炎有什么症状？,0
481,支原体肺炎,治疗支原体肺炎哪种药为首选,哪种药治疗支原体肺炎最好？,1
931,支原体肺炎,四环素片的主要功效和它的用法用量哦,四环素片的主要功效和它的用法用量是怎样的？,1
968,支原体肺炎,儿子是支原体肺炎医生开了博利康尼是吗,小孩支原体肺炎有哪些症状？,0
832,支原体肺炎,请问怀孕期间可以服用罗红霉素吗,服用感冒药期间可以怀孕么,0
478,支原体肺炎,太儿欣罗红霉素干混悬剂怎么吃,六个月宝宝吃太儿欣罗红霉素吐了正常吗？,0
337,支原体肺炎,支原体肺炎症状有哪些？,支原体肺炎有哪些治疗措施？,0
1050,支原体肺炎,小儿支原体肺炎，需要如何治疗?,小儿支原体肺炎要怎么治疗？,1
862,支原体肺炎,地红霉素肠溶片可以在感冒时可以吃吗,地红霉素肠溶片可以治疗感冒吗,0
1043,支原体肺炎,你好，两岁多女孩去医院检查为支原体肺炎怎么治？,请问小孩支原体肺炎的症状有哪些？,0
613,支原体肺炎,小儿支原体肺炎治愈的标准？,怎么诊断小儿支原体肺炎？,0
627,支原体肺炎,支原体肺炎治疗注射什么药？,得支原体肺炎怎么治疗？,0
611,支原体肺炎,小儿支原体肺炎治愈的标准？,确定小儿支原体肺炎治愈有何标准？,1
1011,支原体肺炎,支原体肺炎感染，可以不打吊瓶嘛？,支原体肺炎感染，能否不打吊瓶？,1
86,支原体肺炎,支原体肺炎，吃阿奇霉素好使吗,吃阿奇霉素对于治疗支原体肺炎有效吗？,1
836,支原体肺炎,请问盐酸氨溴索和罗红霉素能同时服用吗,盐酸氨溴索和罗红霉素能同时服用吗,1
568,支原体肺炎,小儿支原体肺炎的护理是怎么样的？,治疗小儿支原体肺炎有什么方法？,0
67,支原体肺炎,支原体肺炎一般要治疗多久能好,支原体肺炎一般烧几天？,0
575,支原体肺炎,小儿支原体肺炎但是不咳嗽，严重吗？,小儿支原体肺炎但是不咳嗽，要不要紧？,1
123,支原体肺炎,小儿支原体肺炎会反复发作吗？,小儿支原体肺炎能根治吗？,0
990,支原体肺炎,请问顺尔宁治支原体衣原体肺炎吗有效果吗,请问顺尔宁能否治支原体衣原体肺炎有没有效果？,1
348,支原体肺炎,小孩支原体肺炎会传染吗,小孩支原体肺炎严重吗？,0
469,支原体肺炎,衣原体肺炎和支原体肺炎哪个严重,儿童支原体衣原体感染的症状是什么？,0
531,支原体肺炎,造成小儿支原体肺炎的原因有哪些？,引发小儿支原体肺炎的因素有哪些？,1
113,支原体肺炎,推拿能治疗小儿支原体肺炎吗？,小儿支原体肺炎有哪些症状？,0
203,支原体肺炎,问下治支原体肺炎红霉素好不好,支原体肺炎为什吃红霉素不管用？,0
442,支原体肺炎,儿童支原体肺炎阿奇霉素吃几个疗程,儿童支原体肺炎阿奇霉素会有副作用吗？,0
487,支原体肺炎,小儿支原体肺炎咳嗽吃什么药好,小儿支原体肺炎咳嗽怎么办？,0
801,支原体肺炎,请问一下医生依托红霉素颗粒能治疗干咳吗,你好依托红霉素颗粒能治疗干咳吗,1
206,支原体肺炎,支原体肺炎刺激性咳反复发作可以用什么药,支原体肺炎刺激性咳反复发作该吃什么药？,1
91,支原体肺炎,得了小儿支原体肺炎，血常规正常吗？,得了小儿支原体肺炎的话血常规还正常吗？,1
668,支原体肺炎,扁桃体炎能吃克拉霉素分散片吗,扁桃体发炎的原因是什么？,0
671,支原体肺炎,哺乳期可以用红霉素软膏吗,红霉素软膏能在哺乳期使用吗,1
1023,支原体肺炎,支原体肺炎吃转移因子胶囊可以吗,转移因子胶囊是用来治疗什么的？,0
562,支原体肺炎,小儿支原体肺炎的饮食需要注意吗？,如何诊断小儿支原体肺炎？,0
194,支原体肺炎,我想问你红霉素对耳炎有用吗,耳炎需要注意什么,0
354,支原体肺炎,得支原体肺炎怎么办啊？,得支原体肺炎传染吗？,0
901,支原体肺炎,请问利君沙和甲硝唑吃完有会药物反应吗,利君沙和甲硝唑能一起吃吗,1
839,支原体肺炎,请问盐酸氨溴索和罗红霉素能同时服用吗,罗红霉素氨溴索片是什么药？,0
940,支原体肺炎,顺尔宁治支原体衣原体肺炎吗,请问顺尔宁能治疗支原体肺炎吗？,1
628,支原体肺炎,支原体肺炎治疗注射什么药？,支原体肺炎有什么症状？,0
171,支原体肺炎,请问罗红霉素能够治疗什么疾病的,罗红霉素多什么病管用,1
980,支原体肺炎,多潘立酮混悬液和什么药物吃有反应,多潘立酮混悬液和什么药物吃会起反应？,1
1024,支原体肺炎,支原体肺炎吃转移因子胶囊可以吗,转移因子胶囊有什么注意的？,0
794,支原体肺炎,四环素是黄安类吗160它主要是治什么病,四环素在哪里可以买到,0
1007,支原体肺炎,宝宝一周得了支原体肺炎输了五天阿奇霉素可以吗,支原体肺炎打阿奇霉素不见好是什么原因？,0
200,支原体肺炎,问下治支原体肺炎红霉素好不好,问下治支原体肺炎红霉素好吗？,1
798,支原体肺炎,罗红霉素对牙龈炎有用吗,罗红霉素的药效怎么样,0
678,支原体肺炎,有什么药可以预防小儿支原体肺炎复发吗,儿童支原体肺炎复发率高不？,0
445,支原体肺炎,5岁宝宝支原体肺炎咳嗽厉害，不发烧,5岁宝宝支原体肺炎咳嗽厉害，不发烧怎么办？,1
827,支原体肺炎,四环素片治疗支原体衣原体阳性吗,四环素片是什么药,0
846,支原体肺炎,好你好感冒嗓子疼可以吃利君沙吗,你好感冒嗓子疼可以吃利君沙吗怎么好,1
784,支原体肺炎,你好我家孩子嗓子发炎吃利君沙管用吗,吃利君沙管什么用,0
90,支原体肺炎,得了小儿支原体肺炎，血常规正常吗？,得了小儿支原体肺炎，血常规是否正常？,1
149,支原体肺炎,四环素片服用一般不超过多长时间,四环素片有哪些适应症？,0
656,支原体肺炎,永喜盐酸多西环素肠溶胶囊有什么作用,永喜盐酸多西环素肠溶胶囊作用有哪些？,1
868,支原体肺炎,罗红霉素长时间吃会有什么副作用吗,罗红霉素的疗效是什么,0
939,支原体肺炎,硬脂酸红霉素颗粒平台有出售吗,硬脂酸红霉素颗粒有没有副作用？,0
138,支原体肺炎,得了小儿支原体肺炎应该注意什么？,小儿支原体肺炎传染吗？,0
687,支原体肺炎,红霉素软膏的适应症是什么,红霉素软膏的注意事项是什么？,0
415,支原体肺炎,肺炎支原体发高烧怎么办,肺炎支原体发高烧如何是好？,1
1040,支原体肺炎,你好，两岁多女孩去医院检查为支原体肺炎怎么治？,你好，两岁多女孩去医院检查为支原体肺炎如何治疗？,1
604,支原体肺炎,小儿支原体肺炎治疗方法有哪些？,小儿肺炎支原体严重吗？,0
858,支原体肺炎,永喜盐酸多西环素肠溶胶囊最多吃多久呢,盐酸多西环素肠溶胶囊是饭前吃饭后吃?,0
698,支原体肺炎,支原体肺炎阿奇霉素扎了7天停药3天又,支原体肺炎阿奇霉素有什么副作用？,0
507,支原体肺炎,婴幼儿支原体肺炎感染能治好吗,肺炎支原体感染的症状是什么？,0
672,支原体肺炎,哺乳期可以用红霉素软膏吗,红霉素软膏有什么适应症？,0
1048,支原体肺炎,支原体肺炎，好了以后脸和耳朵红是怎么了？,支原体肺炎好治吗？,0
385,支原体肺炎,支原体肺炎的症状及治疗方法是什么,支原体肺炎有什么症状治疗支原体肺炎的方法有哪些?,1
1031,支原体肺炎,检查支原体肺炎结果要多久？,肺炎支原体检查结果多长时间能出来？,1
500,支原体肺炎,支原体肺炎一定会得哮喘吗,支原体肺炎是不是一定会得哮喘？,1
670,支原体肺炎,哺乳期可以用红霉素软膏吗,哺乳期能用红霉素软膏吗？,1
431,支原体肺炎,小儿支原体肺炎的复查咨询,小儿支原体肺炎有必要复查吗？,1
762,支原体肺炎,我感到鼻子堵喉咙痒咳嗽吃点罗红霉素行吗,鼻子堵喉咙痒咳嗽是感冒吗,0
1027,支原体肺炎,请问顺尔宁是用于什么疾病的,请问顺尔宁有什么副作用吗？,0
414,支原体肺炎,小儿支原体肺炎有什么症状,什么是肺炎支原体感染？,0
802,支原体肺炎,请问一下医生依托红霉素颗粒能治疗干咳吗,请问一下医生依托红霉素颗粒是什么药,0
537,支原体肺炎,小儿支原体肺炎饮食需要注意什么？,小儿支原体肺炎有哪些症状？,0
401,支原体肺炎,支原体肺炎要怎么诊断检查,怎么能诊断检查出支原体肺炎？,1
730,支原体肺炎,可利君片和鲨肝醇片放在一起治什么病,请问可利君片和鲨肝醇片放在一起治什么病,1
367,支原体肺炎,小儿推拿能治疗支原体肺炎吗,孩子支原体咳嗽有什么按摩方法？,0
454,支原体肺炎,小儿支原体肺炎吃莫西沙星吗？,小儿支原体肺炎难治吗？,0
930,支原体肺炎,四环素片的主要功效和它的用法用量哦,四环素片的主要功效和它的用法用量分别是什么？,1
451,支原体肺炎,小儿支原体肺炎吃莫西沙星吗？,小儿支原体肺炎能否吃莫西沙星？,1
660,支原体肺炎,克拉霉素胶囊阿维克有什么作用啊,克拉霉素胶囊阿维克有什么功效？,1
715,支原体肺炎,请问肝功能不全的人可以服用罗红霉素片吗,肝功能不全可以服用罗红霉素吗,1
919,支原体肺炎,宝宝得支原体肺炎必须有什么方法能治愈好,宝宝感染肺炎支原体严重吗？,0
169,支原体肺炎,子宫发炎可以喝依托红霉素吗,子宫发炎是什么病,0
78,支原体肺炎,支原体肺炎和支气管肺炎的区别是什么？,支原体肺炎和支气管肺炎传染吗？,0
344,支原体肺炎,支原体肺炎怎样治疗和食疗,肺炎支原体感染需要住院吗？,0
897,支原体肺炎,罗红霉素和头孢是不是可以消炎的呢,消炎药有哪些？,0
102,支原体肺炎,小儿支原体肺炎有什么症状？,小儿支原体肺炎的病因是什么？,0
623,支原体肺炎,支原体肺炎打点滴好还是吃药效果好？,支原体肺炎有哪些症状？,0
398,支原体肺炎,肺炎支原体肺炎怎么治疗,支原体肺炎可以自愈吗？,0
452,支原体肺炎,小儿支原体肺炎吃莫西沙星吗？,小儿支原体肺炎有什么症状呢？,0
942,支原体肺炎,顺尔宁治支原体衣原体肺炎吗,宝宝咳嗽，查血是支原体感染，吃顺尔宁有用吗？,0
68,支原体肺炎,支原体肺炎一般要治疗多久能好,支原体肺炎前几天能化验出来吗？,0
365,支原体肺炎,小儿推拿能治疗支原体肺炎吗,小儿推拿能否治疗支原体肺炎？,1
434,支原体肺炎,小儿支原体肺炎的复查咨询,支原体肺炎怎么检查呢？,0
333,支原体肺炎,肺炎支原体是阳性是怎么引起的,肺炎支原体阳性传染么？,0
1066,支原体肺炎,支原体肺炎恢复期传染吗,支原体肺炎在恢复期内会不会传染？,1
1004,支原体肺炎,请问顺尔宁有何功效可以治疗支原体肺炎吗,请问顺尔宁能治什么疾病？,0
955,支原体肺炎,阿奇霉素干混悬剂治疗小儿支原体肺炎有效果吗？,阿奇霉素干混悬剂治疗小儿支原体肺炎管用吗？,1
561,支原体肺炎,小儿支原体肺炎的饮食需要注意吗？,小儿支原体肺炎的饮食注意事项是什么？,1
64,支原体肺炎,儿童支原体肺炎怎么治疗,小孩子支原体肺炎有什么症状？,0
581,支原体肺炎,中医可以治疗小儿支原体肺炎吗？,中医能否治疗小儿支原体肺炎？,1
727,支原体肺炎,服用肺力咳胶囊还需要服用消炎药吗,肺力咳胶囊和肺力咳合剂的区别？,0
484,支原体肺炎,治疗支原体肺炎哪种药为首选,支原体肺炎会发生病变吗？,0
805,支原体肺炎,支原体衣原体尿道炎用罗红霉素怎么样,罗红霉素可以治疗支原体衣原体尿道炎吗,1
711,支原体肺炎,新生儿可以用红霉素软膏吗,红霉素软膏可以用给新生儿吗,1
182,支原体肺炎,他罗算霉素和清淋颗粒是不是男女都能用,吃阿奇霉素和清淋颗粒，15天了还没治好怎么办啊？,0
734,支原体肺炎,可利君片和鲨肝醇片放在一起治什么病,可利君片和鲨肝醇片可以在一起吃吗,0
912,支原体肺炎,克拉霉素片克拉仙的成分和功效是什么,克拉霉素和克拉仙的区别是什么,0
455,支原体肺炎,小儿支原体肺炎的治疗方法及治疗周期,"小儿支原体肺炎一般如何医治,多长时间能好？",1
707,支原体肺炎,您好请问红霉素可以治疗中耳炎吗,红霉素是什么？,0
788,支原体肺炎,依托红霉素颗粒我实在是弄不明白怎么吃,依托红霉素是什么药,0
910,支原体肺炎,克拉霉素片克拉仙的成分和功效是什么,克拉霉素和克拉仙的功效和成分是什么,1
655,支原体肺炎,永喜盐酸多西环素肠溶胶囊有什么作用,永喜盐酸多西环素肠溶胶囊有什么功效？,1
179,支原体肺炎,依托红霉素颗粒主治什么病,依托红霉素颗粒和头孢哪个效果好？,0
810,支原体肺炎,你好我想咨询下利君沙颗粒怎么样,利君沙颗粒怎么样，治疗什么的？,1
544,支原体肺炎,小儿支原体肺炎食疗是怎么样的？,小儿支原体肺炎能吃什么药？,0
935,支原体肺炎,硬脂酸红霉素颗粒平台有出售吗,硬脂酸红霉素颗粒有平台卖的吗？,1
896,支原体肺炎,罗红霉素和头孢是不是可以消炎的呢,头孢和罗红霉素属于消炎药吗？,1
583,支原体肺炎,中医可以治疗小儿支原体肺炎吗？,中医治疗小儿支原体肺炎有效果吗？,0
600,支原体肺炎,小儿支原体肺炎治疗方法有哪些？,治疗小儿支原体肺炎方法是什么？,1
1093,支原体肺炎,小儿支气管支原体肺炎打针后还发烧是怎么了,小儿支气管支原体肺炎有哪些注意事项？,0
137,支原体肺炎,得了小儿支原体肺炎应该注意什么？,怎么检查诊断小儿支原体肺炎？,0
884,支原体肺炎,琥乙红霉素片是消炎药吗,喝黄洒吃消炎药琥乙红霉素片不,0
222,支原体肺炎,我的一个女儿患了支原体肺炎刚出生怎么办,宝宝支原体肺炎严重吗？,0
1001,支原体肺炎,请问顺尔宁有何功效可以治疗支原体肺炎吗,请问顺尔宁功效是什么能否治疗支原体肺炎？,1
662,支原体肺炎,克拉霉素胶囊阿维克有什么作用啊,克拉霉素胶囊阿维克有没有副作用？,0
533,支原体肺炎,造成小儿支原体肺炎的原因有哪些？,小儿支原体肺炎吃什么药效果好？,0
186,支原体肺炎,我儿子气管炎吃罗红霉素可以吗,罗红霉素治气管炎吗,1
609,支原体肺炎,小儿支原体肺炎会引发脑炎吗？,小儿支原体肺炎好治吗？,0
854,支原体肺炎,小儿支原体肺炎的恢复期治疗要注意什么,支原体肺炎要注意什么,0
767,支原体肺炎,哪些疾病适合吃克拉霉素胶囊,吃克拉霉素可以喝酒吗,0
457,支原体肺炎,小儿支原体肺炎的治疗方法及治疗周期,支原体感染能断根吗？,0
824,支原体肺炎,6岁小孩反复感冒咳嗽好后咽喉长了一些,小孩反复感冒咳嗽吃什么药,0
619,支原体肺炎,支原体肺炎低烧不退该怎么办？,支原体肺炎吃什么药？,0
177,支原体肺炎,依托红霉素颗粒主治什么病,依托红霉素怎么吃？,0
1103,支原体肺炎,"女儿九岁,支原体肺炎,已吃药两天不见好怎么办",支原体肺炎好治吗？,0
799,支原体肺炎,罗红霉素对牙龈炎有用吗,牙龈炎怎么治疗呢,0
924,支原体肺炎,我女儿6岁支原体肺炎打了5天阿奇霉素不见好怎么办？,支原体肺炎有什么症状？,0
371,支原体肺炎,小孩得了支原体肺炎用什么药治最好？,小孩得了支原体肺炎用什么药最管用？,1
822,支原体肺炎,6岁小孩反复感冒咳嗽好后咽喉长了一些,小孩反复咳嗽怎么办,0
758,支原体肺炎,小儿咽扁颗粒和罗红霉素颗粒能一起吃吗,小儿咽扁颗粒能和阿莫西林和小儿咳喘灵口服液一起吃吗,0
497,支原体肺炎,如何缓解小儿支原体肺炎引起的咳嗽？,小儿支原体肺炎会引发咳嗽吗？,0
962,支原体肺炎,4岁宝宝29斤要吃多少依托红霉素,宝宝服用依托红霉素有什么后遗症？,0
296,胸膜炎,化脓性胸膜炎会传染吗？,化脓性胸膜炎是否会传染？,1
350,胸膜炎,胸膜炎后遗症吃什么中药,胸膜炎后遗症应该吃哪种中药,1
1232,胸膜炎,胸闷疼后背难受是胸膜炎吗,胸闷疼后背难受是胸膜炎的症状吗,0
320,胸膜炎,胸膜炎不用治能自己好吗,胸膜炎患者能不治而愈吗,1
1348,胸膜炎,胸膜炎是怎么引起的炎？,急性胸膜炎是怎么引起的呢？,0
1393,胸膜炎,胸膜炎的结节影是怎么回事,胸膜炎有结节影什么办法可以去掉,0
1355,胸膜炎,肿瘤性胸膜炎是什么引起的,得肿瘤性胸膜炎跟什么有关系,1
1507,胸膜炎,得过胸膜炎胸片能看出来吗,得过胸膜炎影响生育吗,0
449,胸膜炎,请问胸膜炎积水了肝胀又有点痛，怎么了？,请问胸膜炎积水了还有得治吗？,0
1547,胸膜炎,胸膜炎半年后每天喝点红酒行吗,喝红酒行对身体有什么危害吗,0
445,胸膜炎,请问胸膜炎积水了肝胀又有点痛，怎么了？,请问胸膜炎积水了肝胀又有点痛是为什么呀？,1
1677,胸膜炎,胸膜炎会引起脑袋胀痛吗,胸口疼肚子胀是不是胸膜炎,0
1365,胸膜炎,胸膜炎住院期间陪伴病人可以睡一快吗,照顾胸膜炎病人住院期间可以睡一块吗,1
1315,胸膜炎,"支气管肺炎,胸膜炎,不能吃什么","支气管肺炎,胸膜炎,不可以吃什么",1
1611,胸膜炎,胸膜炎治好后胸痛是复发了吗,胸痛是不是胸膜炎又复发了吗,1
266,胸膜炎,腰和后背疼是胸膜炎吗？,腰和后背疼会不会是胸膜炎？,1
1303,胸膜炎,胸膜炎一年了做什么复查？,胸膜炎一年了如何治疗,0
1136,胸膜炎,请问胸膜炎有粘连反复发作怎么办？,粘连性胸膜炎怎么治疗?,1
1265,胸膜炎,治胸膜炎用什么中成药好,治胸膜炎用哪种中成药好,1
413,胸膜炎,那请问医生有胸膜炎常时间喝什么茶好呢,胸膜炎，可以长期喝枸杞菊花茶吗？,0
1428,胸膜炎,胸膜炎会引起肋间神经痛吗,结核性胸膜炎积水排不出来怎么办,0
1110,胸膜炎,胸膜炎是什么症状?吃什么药好?,胸膜炎有哪些症状?吃什么药好?,1
1363,胸膜炎,长期坐姿不好会得胸膜炎吗,长期坐姿不好危害大吗,0
1394,胸膜炎,胸膜炎的结节影是怎么回事,结节和结节影一样吗,0
283,胸膜炎,胸膜炎症状吃什么药，可以治疗,胸膜炎症状吃什么药最好，,0
1892,胸膜炎,你好，胸膜炎建议吃什么药？,你好，胸膜炎好治吗？,0
1558,胸膜炎,淋巴颗粒能造成胸膜炎吗,胸膜炎是什么引起的,0
1594,胸膜炎,胸膜炎会引起喉咙干，痒，痛吗？,喉咙干，氧，痛吃西瓜霜管用吗,0
375,胸膜炎,胸膜炎复查需要拍CT吗,胸膜炎复查拍CT有必要吗,1
1706,胸膜炎,胸膜炎治愈后可以怀孕吗,胸膜炎治愈后能怀孩子吗,1
282,胸膜炎,胸膜炎症状吃什么药，可以治疗,胸膜炎症状吃什么药，可以治好,0
309,胸膜炎,肺炎胸膜炎是什么引起的,肺炎引起的胸膜炎是怎么回事,0
1670,胸膜炎,胸膜炎做胸腔镜手术后怎么护理,胸膜炎做胸腔镜手术后应该怎么照顾,1
1326,胸膜炎,急性胸膜炎是怎么引起的呢？,急性胸膜炎是如何引起的呢？,1
228,胸膜炎,请问胸痛难忍低烧可能是胸膜炎吗？,请问胸痛难忍低烧胸，是什么原因？,0
1500,胸膜炎,结核胸膜炎什么情况下会发热,什么情况下结核胸膜炎会发热,1
1777,胸膜炎,胸膜炎在复查阶段咳嗽请问是什么毛病,胸膜炎在复查阶段咳嗽有什么征兆？,0
366,胸膜炎,胸膜炎症状为什么反复发作,胸膜炎症状反复发作是为什么,1
1639,胸膜炎,胸膜炎会引起输卵管堵塞吗,输卵管堵塞该怎么治疗,0
1661,胸膜炎,肺炎引起的胸膜炎该怎么办,肺炎导致的胸膜炎应该怎么治疗,1
1745,胸膜炎,炎症引起的胸膜炎对胎儿影响大吗,炎症引起的胸膜炎对胎儿影响大不大？,1
278,胸膜炎,胸膜炎服药期间能吃虾吗,胸膜炎服药期间有什么注意的么,0
294,胸膜炎,胸膜炎是什么原因引起的,结合胸膜炎是什么原因引起的？,0
1249,胸膜炎,请问胸膜炎有哪些症状,请问胸膜炎有什么饮食需要注意的？.,0
1802,胸膜炎,您好我总是反复的胸口疼然后就后面左边疼是怎么了,胸膜炎有哪些症状？,0
1420,胸膜炎,胸膜炎引起肺委缩有得冶吗,胸膜炎引起肺委缩好治吗,1
432,胸膜炎,胸膜炎治疗好之后为什么还痛,胸膜炎治疗好之后有后遗症吗？,0
1596,胸膜炎,胸膜炎恢复期间为什么总是前胸痛,为什么胸膜炎恢复期间总是前胸痛,1
1440,胸膜炎,结核胸膜炎在什么情况下传染,在什么情况下会传染结核胸膜炎,1
1325,胸膜炎,急性胸膜炎是怎么引起的呢？,怎么引起急性胸膜炎,1
325,胸膜炎,孕期胸膜炎治疗对胎儿有影响吗,孕期胸膜炎治疗期间对胎儿有没有什么影响,1
1375,胸膜炎,得过胸膜炎以后再发烧会胸疼吗,得过胸膜炎以后发烧胸会疼吗,1
1221,胸膜炎,胸膜炎打头孢匹胺有用吗,胸膜炎打头孢匹胺管用吗？,1
1723,胸膜炎,胸膜炎的恶性是什么后果,胸膜炎患者饮食吃什么好,0
1692,胸膜炎,结合性胸膜炎需要注射利福平吗,注射利福平用于什么病症,0
1344,胸膜炎,胸膜炎求助胸膜炎做CT前需要打针吗？,胸膜炎求助胸膜炎做CT前要做什么？,0
256,胸膜炎,请问治疗胸膜炎可以使用激素吗?,请问使用激素可以治疗胸膜炎嘛？,1
346,胸膜炎,大动脉手术引起胸膜炎吗,大动脉手术有引起胸膜炎的可能吗,1
1887,胸膜炎,胸膜炎会导致心脏移位吗？,胸膜炎治愈后会引起心脏方面的问题吗？,0
1360,胸膜炎,长期坐姿不好会得胸膜炎吗,长期坐姿不好可能得胸膜炎吗,1
1789,胸膜炎,吃东西左胸口疼有什么好的办法能够根治吗,吃东西左胸口疼是为什么？,0
1652,胸膜炎,结核胸膜炎能同时喝补血的吗,结核胸膜炎患者用隔离吗,0
377,胸膜炎,胸膜炎复查需要拍CT吗,得了什么病需要拍CT,0
1372,胸膜炎,没得过肺病的人会得胸膜炎吗,没得过肺病的人日常应该注意什么,0
1839,胸膜炎,胸膜炎复查是要照胸片吗,肺结核复发拍胸片看得出来吗？,0
1301,胸膜炎,胸膜炎一年了做什么复查？,胸膜炎一年了做一些什么复查？,1
1495,胸膜炎,如何检查出开放性结核胸膜炎,怎样才能检查出开放性结核胸膜炎,1
1127,胸膜炎,胸膜炎结核，冶疗10天，还需要继续治疗吗,胸膜炎结核，治疗周期大概多久？,0
446,胸膜炎,请问胸膜炎积水了肝胀又有点痛，怎么了？,请问胸膜炎积水了肝胀又有点痛是怎么回事？,1
1679,胸膜炎,胸膜炎会引起脑袋胀痛吗,脑袋胀痛做ct有必要吗,0
262,胸膜炎,肺部感染胸膜炎好治疗吗？,胸膜炎的引起的肺部感染治疗困难吗？,0
1576,胸膜炎,胸膜炎康复后胸痛怎么办,胸膜炎康复后胸还痛怎么办,1
1613,胸膜炎,胸膜炎治好后胸痛是复发了吗,胸痛是咋回事,0
1353,胸膜炎,贞芪扶正颗粒可以辅助治疗胸膜炎吗,贞芪扶正颗粒是中药还是西药,0
1658,胸膜炎,刚断了胸膜炎的药还会得肾结核吗,刚断了胸膜炎的药应该注意什么,0
1366,胸膜炎,胸膜炎住院期间陪伴病人可以睡一快吗,胸膜炎住院期间陪伴病人一块睡可以吗,1
1146,胸膜炎,请问胸膜炎吃药多久有效果？,请问胸膜炎吃药有效果需要多长时间？,1
1599,胸膜炎,胸膜炎恢复期间为什么总是前胸痛,胸膜炎恢复期间能运动吗,0
1550,胸膜炎,细菌胸膜炎吃什么消炎药,细菌胸膜炎能吃什么消炎药,1
345,胸膜炎,大动脉手术引起胸膜炎吗,大动脉手术能不能引起胸膜炎,1
332,胸膜炎,渗透性胸膜炎结核能治好吗,渗透性胸膜炎结核需要做什么检查,0
1618,胸膜炎,胸膜炎能在幼儿园上班吗,胸膜炎能在家保守治疗吗,0
1187,胸膜炎,胸膜炎治疗不当会产生什么后果,胸膜炎治疗不当怎么办,0
353,胸膜炎,胸膜炎后遗症吃什么中药,胸膜炎后遗症该注意什么,0
1568,胸膜炎,肺炎胸膜炎会引起室早吗？,肺炎胸膜炎有什么症状,0
430,胸膜炎,胸膜炎治疗好之后为什么还痛,胸膜炎治疗好之后还痛是什么原因？,1
1309,胸膜炎,胸膜炎可以根治吗严重吗,胸膜炎严不严重怎么治疗,0
1817,胸膜炎,患了胸膜炎正在吃药治疗能喝酒吗,胸膜炎病人有什么需要注意的事项？,0
1323,胸膜炎,"支气管肺炎,胸膜炎,不能吃什么",支气管肺炎需要住院治疗吗,0
1484,胸膜炎,胸膜炎会双侧肋骨疼吗?,双侧肋骨疼需要拍片吗,0
1244,胸膜炎,胸膜炎治愈后会有后遗症吗？,胸膜炎治愈后会有什么症状吗？,0
1896,胸膜炎,得胸膜炎有什么症状？请详细说说,胸膜炎的症状表现是什么？,1
1742,胸膜炎,右胸拉伤感染会引起胸膜炎吗,右胸拉伤多久可以好,0
1308,胸膜炎,胸膜炎可以根治吗严重吗,支气管炎，胸膜炎如何治疗？严重吗？,0
1359,胸膜炎,肿瘤性胸膜炎是什么引起的,肿瘤性胸膜炎是胸痛胸闷吗,0
1859,胸膜炎,胸膜炎可以治疗嘛？,胸膜炎患者适宜服用什么药？,0
238,胸膜炎,请问判定是不是胸膜炎要做什么检查？,请问判定是不是胸膜炎要去哪做查？,0
1121,胸膜炎,胸膜炎的治疗方法有哪些?,胸膜炎有什么方法治疗,1
254,胸膜炎,请问得了胸膜炎要注意什么？,请问我得了胸膜炎我需要注意食用的东西有哪,0
241,胸膜炎,请问结合性胸膜炎吃哪几种药？,适合结合性胸膜炎吃的药有几种？,1
1602,胸膜炎,长期久坐会得胸膜炎吗？,长期久坐有什么危害,0
1245,胸膜炎,请问胸膜炎有哪些症状,胸膜炎的症状有哪些啊？,1
1354,胸膜炎,贞芪扶正颗粒可以辅助治疗胸膜炎吗,贞芪扶正颗粒有提高人免疫力的功效吗,0
250,胸膜炎,请问得了胸膜炎要注意什么？,请问得了胸膜炎有什么需要注意的？,1
389,胸膜炎,结合性胸膜炎积水怎么控制,结合性胸膜炎积水治疗起来麻烦吗,0
1572,胸膜炎,初治結核性胸膜炎用什么药,初治結核性胸膜炎好治吗,0
1595,胸膜炎,胸膜炎恢复期间为什么总是前胸痛,胸膜炎恢复期间总是前胸痛为什么,1
1522,胸膜炎,什么样的人容易得胸膜炎,容易得胸膜炎该怎么预防,0
1683,胸膜炎,胸膜炎患者康复后可多喝苦菜泡茶吗,苦菜泡茶能治病吗,0
1809,胸膜炎,请问头孢氨苄甲氧苄啶片可以胸膜炎吗,请问头孢氨苄甲氧苄啶片有什么适应症？,0
1113,胸膜炎,胸膜炎是什么症状?吃什么药好?,胸膜炎的症状该吃什么药,0
419,胸膜炎,结合性胸膜炎已经半年了，什么时候会好,结合性胸膜炎是什么病？,0
1246,胸膜炎,请问胸膜炎有哪些症状,胸膜炎有哪些症状表现,1
1286,胸膜炎,包裹性胸膜炎手术后还会复发吗,包裹性胸膜炎手术后是否会复发,1
1873,胸膜炎,椒目葶苈汤可以治疗胸膜炎吗,怎样治疗胸膜炎？,0
1831,胸膜炎,头孢克肟颗粒孕妇（4个月）能用吗感冒,孕妇（4个月）感冒可否服用头孢克肟颗粒？,1
1251,胸膜炎,胸膜炎饮食需要注意什么？,胸膜炎的饮食要注意什么？,1
1824,胸膜炎,胸膜炎严重吗会有什么表现,胸膜炎的病因是什么？,0
336,胸膜炎,得过胸膜炎后可以生小孩吗,得过胸膜炎后生宝宝可以吗,1
1619,胸膜炎,胸膜炎能在幼儿园上班吗,胸膜炎患者不能去什么地方,0
1549,胸膜炎,胸膜炎半年后每天喝点红酒行吗,胸膜炎半年能要孩子吗,0
355,胸膜炎,胸膜炎 清肺十八味丸在哪里有卖的什么价,在哪里有卖胸膜炎清肺十八味丸，多少钱,1
1229,胸膜炎,胸膜炎抽水出血丝怎么回事,胸膜炎抽水出血丝如何治理,0
1496,胸膜炎,如何检查出开放性结核胸膜炎,开放性结核胸膜炎怎么检查,1
1849,胸膜炎,胸膜炎在复查阶段咳嗽总是不好怎么办,胸膜炎有哪些症状？,0
1737,胸膜炎,不发烧咳嗽会得胸膜炎吗,胸膜炎除了胸痛胸闷还有什么症状,0
1512,胸膜炎,胸膜炎治不好是怎么回事,胸膜炎治好有没有后遗症,0
1402,胸膜炎,检查有没胸膜炎要做什么检查,检查有没胸膜炎需要带什么东西,0
371,胸膜炎,"胸膜炎怎么治疗,能治好吗",得了胸膜炎好不好治,1
1509,胸膜炎,得过胸膜炎胸片能看出来吗,得过胸膜炎会得其他病吗？,0
1828,胸膜炎,胸膜炎复发的概率有多大复发了还能治吗,胸膜炎不复发有什么症状？,0
1848,胸膜炎,胸膜炎在复查阶段咳嗽总是不好怎么办,胸膜炎需要治疗多久？,0
1214,胸膜炎,胸膜炎可以喝铁打药酒吗？,胸膜炎怎么治疗？,0
422,胸膜炎,治疗胸膜炎的方法有哪些,胸膜炎病人有什么需要注意的事项？,0
1332,胸膜炎,肺炎引起胸膜炎吃什么药最好？,肺部感染 如肺炎引起的胸膜炎该吃什么药,0
379,胸膜炎,胸膜炎复查需要拍CT吗,拍CT前能不能吃饭喝水,0
1339,胸膜炎,胸膜炎应该先看什么科？,胸膜炎严重吗？,0
1215,胸膜炎,胸膜炎好了胸疼怎么回事,胸膜炎好了胸疼什么原因？,1
1586,胸膜炎,"胸膜炎积水,需要抽水怎么抽","胸膜炎积水,应该怎么抽水",1
433,胸膜炎,胸膜炎治疗好之后为什么还痛,胸膜炎能不能根治？,0
1277,胸膜炎,胸膜炎、胸部疼痛怎么办,结核胸膜炎胸疼怎么办,0
1387,胸膜炎,胸膜炎会引起反复发烧吗,结核性胸膜炎有什么特征,0
1159,胸膜炎,请问右上腹肋间痛是胸膜炎吗？,请问右上腹肋间痛是怎么回事？,0
1218,胸膜炎,胸膜炎好了胸疼怎么回事,胸膜炎抽水后呼吸胸部疼痛，怎么回事？,0
370,胸膜炎,"胸膜炎怎么治疗,能治好吗",得了胸膜炎能治愈吗,1
1371,胸膜炎,没得过肺病的人会得胸膜炎吗,没得过肺病的人会可能得胸膜炎吗,1
311,胸膜炎,肺炎胸膜炎是什么引起的,是什么引起肺炎胸膜炎的,1
1691,胸膜炎,结合性胸膜炎需要注射利福平吗,结合性胸膜炎注射利福平有必要吗,1
1624,胸膜炎,男朋友咬破胸部会得胸膜炎吗,男朋友咬破胸部会有其他并发症吗,0
1607,胸膜炎,右侧胸膜炎为什么左胸偶尔疼痛,右侧胸膜炎需不需要拍片,0
1275,胸膜炎,胸膜炎、胸部疼痛怎么办,胸膜炎胸部痛怎么治疗,1
385,胸膜炎,结合性胸膜炎积水怎么控制,怎么控制结合性胸膜炎积水,1
1498,胸膜炎,如何检查出开放性结核胸膜炎,开放性结核胸膜炎会不会癌变,0
1632,胸膜炎,胸膜炎与穿内衣的松紧有关吗,胸膜炎好了能喝酒吗,0
1220,胸膜炎,胸膜炎打头孢匹胺有用吗,胸膜炎打头孢匹胺有效果吗,1
1838,胸膜炎,胸膜炎复查是要照胸片吗,请问胸膜炎是拍胸片能检查得出来吗？,0
1689,胸膜炎,剧烈运动后喝水为什么会得胸膜炎,剧烈运动后能不能马上喝水,0
1583,胸膜炎,胸膜炎康复后能喝啤酒吗,胸膜炎康复后胸痛怎么办,0
1469,胸膜炎,得过胸膜炎能保重大疾病险吗,得过胸膜炎治愈后用不用定期检查,0
1397,胸膜炎,结核胸膜炎消炎一星期会有好转吗,结核胸膜炎用吃消炎药吗,0
234,胸膜炎,请问胸膜炎哪些项目需要复查？,请问胸膜炎要做哪些检查？,0
1676,胸膜炎,胸膜炎会引起脑袋胀痛吗,引起脑袋胀痛会是胸膜炎吗,1
312,胸膜炎,肺炎胸膜炎是什么引起的,肺炎胸膜炎是一种病毒吗,0
1380,胸膜炎,胸膜炎症为什么会引起肋间神经痛,胸膜炎症怎么会引起肋间神经痛,1
1450,胸膜炎,胸膜炎照x光可以查出来吗,照x光可以查出来胸膜炎吗,1
1536,胸膜炎,胸膜炎与戒白粉有关系吗,胸膜炎与戒白粉关系大吗,1
1673,胸膜炎,胸膜炎做胸腔镜手术后怎么护理,胸膜炎做胸腔镜手术前做什么检查,0
1417,胸膜炎,血常规能检查胸膜炎吗？,胸膜炎需要做血常规吗,0
1410,胸膜炎,牙龈发炎会引发胸膜炎吗,胸膜炎能由牙龈发炎引发吗,1
1581,胸膜炎,胸膜炎康复后能喝啤酒吗,胸膜炎康复后喝啤酒可以吗,1
1825,胸膜炎,胸膜炎复发的概率有多大复发了还能治吗,胸膜炎复发几率多大复发了是否能治？,1
1890,胸膜炎,你好，胸膜炎建议吃什么药？,你好，胸膜炎患者适宜服用什么药？,1
1881,胸膜炎,医生您好:请问您胸膜炎是由什么引起的？,胸膜炎是由什么造成的？,1
245,胸膜炎,请问风湿性胸膜炎是什么？,请问什么是风湿性胸膜炎？,1
1438,胸膜炎,咳漱会引发胸膜炎复发吗,咳漱会引发高烧吗,0
408,胸膜炎,纤维素性胸膜炎是什么病,纤维素性胸膜炎有哪些治疗方法？,0
1430,胸膜炎,胸膜炎会导致蛋白流失吗？,胸膜炎有可能导致蛋白流失吗？,1
1317,胸膜炎,"支气管肺炎,胸膜炎,不能吃什么","支气管肺炎,胸膜炎,不能干什么？",0
1148,胸膜炎,请问胸膜炎吃药多久有效果？,请问胸膜炎吃药能治愈吗？,0
1894,胸膜炎,你好，胸膜炎建议吃什么药？,胸膜炎的症状表现是什么？,0
1597,胸膜炎,胸膜炎恢复期间为什么总是前胸痛,胸膜炎恢复期间用补营养品吗,0
1630,胸膜炎,胸膜炎与穿内衣的松紧有关吗,胸膜炎与穿内衣的松紧有没有关系,1
1117,胸膜炎,胸膜炎做什么检查能查出?,胸膜炎应该做什么检查？,0
1736,胸膜炎,不发烧咳嗽会得胸膜炎吗,不发烧咳嗽得胸膜炎可能性大吗,1
1318,胸膜炎,"支气管肺炎,胸膜炎,不能吃什么","支气管肺炎,胸膜炎,怎么治疗",0
1291,胸膜炎,胸膜炎的症状该吃什么药,胸膜炎的症状该吃哪种药,1
374,胸膜炎,"胸膜炎怎么治疗,能治好吗",胸闷胸痛引起的胸膜炎不治疗能自愈吗,0
1756,胸膜炎,胸膜炎人可以喝羊奶粉吗,胸膜炎病人适宜喝羊奶粉吗？,1
1377,胸膜炎,得过胸膜炎以后再发烧会胸疼吗,得过胸膜炎以后发烧病情会不会加重,0
1733,胸膜炎,没有得过胸膜炎怎么会胸膜增厚,得了什么病能引起胸膜增厚,0
1663,胸膜炎,肺炎引起的胸膜炎该怎么办,肺炎会引起其他病吗,0
1743,胸膜炎,右胸拉伤感染会引起胸膜炎吗,右胸拉伤呼吸疼痛是什么病,0
1580,胸膜炎,胸膜炎康复后能喝啤酒吗,胸膜炎康复后能不能喝啤酒,1
343,胸膜炎,结核胸膜炎是怎么引起的,结核胸膜炎好治吗,0
1804,胸膜炎,您好我总是反复的胸口疼然后就后面左边疼是怎么了,胸膜炎有哪些治疗方法？,0
1725,胸膜炎,外伤会导致胸膜炎吗,外伤有可能导致胸膜炎吗,1
1666,胸膜炎,有胸膜炎的心电图正常吗？,有胸膜炎的检查心电图正常吗？,1
1267,胸膜炎,治胸膜炎用什么中成药好,治胸膜炎的方法,0
1803,胸膜炎,您好我总是反复的胸口疼然后就后面左边疼是怎么了,反复的胸口疼然后就后面左边疼是胸膜炎犯了吗？,0
438,胸膜炎,胸膜炎吃什么药好用，我是开大货车,骨结核怎么治疗？,0
1328,胸膜炎,急性胸膜炎是怎么引起的呢？,急性胸膜炎怎么治疗,0
1637,胸膜炎,胸膜炎会引起输卵管堵塞吗,输卵管堵塞会怀孕吗,0
1149,胸膜炎,请问胸膜炎吃药多久有效果？,请问胸膜炎除了吃药还有什么其他方法吗？,0
1646,胸膜炎,慢性胸膜炎做ct能看出来来吗,慢性胸膜炎做ct能不能看出来,1
390,胸膜炎,胸膜炎对男了阴茎有影响吗,胸膜炎对男了阴茎影响大吗,1
1171,胸膜炎,请问包裹性的结合胸膜炎怎样根治？,请问如何根治包裹性的结合胸膜炎？,1
1707,胸膜炎,胸膜炎治愈后可以怀孕吗,怀孕不能吃什么药,0
318,胸膜炎,中药能治好结核胸膜炎吗,结核胸膜炎严重吗,0
1111,胸膜炎,胸膜炎是什么症状?吃什么药好?,胸膜炎症状是什么?吃什么药好?,1
352,胸膜炎,胸膜炎后遗症吃什么中药,胸膜炎后遗症都有什么表现,0
1312,胸膜炎,胸膜炎是什么原因引起的？,胸膜炎好治疗吗,0
1193,胸膜炎,结核胸膜炎，已经腹水了,结核胸膜炎，已经腹水了，会不会致死？,0
1864,胸膜炎,结核胸膜炎引发肠梗阻能彻底治愈吗？,小分子微创可以彻底治愈强直性脊柱炎吗？,0
407,胸膜炎,纤维素性胸膜炎是什么病,纤维素性胸膜炎有哪些症状？,0
1472,胸膜炎,支气管堵塞会引起胸膜炎吗,支气管的症状是什么,0
1700,胸膜炎,得过胸膜炎公考报名用填写吗,得过胸膜炎公考报名需要填写吗,1
1695,胸膜炎,肺炎引起的胸膜炎疼痛怎么止住?,肺炎引起的胸膜炎疼痛应该如何止疼,1
1616,胸膜炎,胸膜炎能在幼儿园上班吗,胸膜炎可以在幼儿园上班吗,1
1528,胸膜炎,治疗胸膜炎时胸水多了怎么回事？,治疗胸膜炎时胸水多了排不出来咋办,0
1570,胸膜炎,初治結核性胸膜炎用什么药,初治結核性胸膜炎用什么药效果好,1
1234,胸膜炎,胸闷疼后背难受是胸膜炎吗,胸闷疼后背难受是什么病症吗？,0
1770,胸膜炎,胸膜炎在复查阶段咳嗽请问是什么毛病,胸膜炎在复查阶段咳嗽这是什么疾病？,1
1188,胸膜炎,胸膜炎治疗不当会产生什么后果,胸膜炎治疗不当后果严重吗,0
369,胸膜炎,胸膜炎症状为什么反复发作,胸膜炎症状用吃药吗,0
1441,胸膜炎,结核胸膜炎在什么情况下传染,在什么情况下有可能传染结核胸膜炎,1
1608,胸膜炎,右侧胸膜炎为什么左胸偶尔疼痛,左胸偶尔疼痛是得了心脏病吗,0
261,胸膜炎,肺部感染胸膜炎好治疗吗？,肺部感染胸膜炎治疗困难吗？,1
1399,胸膜炎,结核胸膜炎消炎一星期会有好转吗,结核胸膜炎是怎么得的,0
1573,胸膜炎,初治結核性胸膜炎用什么药,初治結核性胸膜炎都有什么症状,0
1207,胸膜炎,胸膜炎做CT能查出来吗,胸透和胸部CT能检查胸膜炎吗？,0
1764,胸膜炎,胸膜炎能转变成胸腺瘤吗,胸腺瘤和胸膜炎有什么区别？,0
1708,胸膜炎,胸膜炎治愈后可以怀孕吗,胸膜炎治愈后能喝家人一起吃吗,0
1530,胸膜炎,治疗好的胸膜炎病人长寿吗?,治疗好的胸膜炎病人可以长寿吗,1
1475,胸膜炎,胸膜炎活动时疼痛会加重吗,胸膜炎活动时疼痛有加重的可能性吗？,1
1182,胸膜炎,细菌性胸膜炎应如何治疗可治愈吗,细菌性胸膜炎应如何治疗,0
1137,胸膜炎,请问胸膜炎有粘连反复发作怎么办？,干性胸膜炎右侧轻度粘连复发怎么办？,0
434,胸膜炎,胸膜炎治疗好之后为什么还痛,胸膜炎有什么好的治疗方法？,0
291,胸膜炎,胸膜炎是什么原因引起的,一般都是什么原因引起的胸膜炎？,1
1791,胸膜炎,结核性渗出性胸膜炎是什么病,结核性渗出性胸膜炎是怎么定义的？,1
1449,胸膜炎,结合性胸膜炎检查x光能看出问题吗,结合性胸膜炎是肺结核吗,0
1445,胸膜炎,结合性胸膜炎检查x光能看出问题吗,检查x光能看出结合性胸膜炎有问题吗,1
1716,胸膜炎,胸膜炎是怎么引起的怕生气吗,胸膜炎是怎么引起的，跟生气有关系吗,1
1642,胸膜炎,胸膜炎吃什么可以消除积水,胸膜炎胸痛吃什么可以减轻,0
1579,胸膜炎,胸膜炎康复后胸痛怎么办,胸膜炎康复后跟没生病前一样吗,0
1168,胸膜炎,请问干性胸膜炎用什么药？,请问干性胸膜炎用什么药最好？,0
1760,胸膜炎,胸膜炎能转变成胸腺瘤吗,胸膜炎会演变成胸腺瘤吗？,1
1523,胸膜炎,什么样的人容易得胸膜炎,预防胸膜炎的小妙招是什么,0
1701,胸膜炎,得过胸膜炎公考报名用填写吗,公考报名用不用填写得过胸膜炎,1
1682,胸膜炎,胸膜炎患者康复后可多喝苦菜泡茶吗,胸膜炎患者康复后做剧烈运动可以吗,0
1135,胸膜炎,请问胸膜炎有粘连反复发作怎么办？,请问胸膜炎两层互相粘连了怎么办,1
443,胸膜炎,胸膜炎如何治疗？饮食方面有哪些建议？,胸膜炎的症状表现是什么？,0
1767,胸膜炎,为什么后背左边酸以前有过胸膜炎,胸膜炎治好有后遗症吗？,0
248,胸膜炎,请问风湿性胸膜炎是什么？,请问风湿性胸膜炎吃什么药好？,0
230,胸膜炎,请问胸膜炎哪些项目需要复查？,请问胸膜炎哪几个项目需要复查？,1
427,胸膜炎,胸膜炎有什么不能吃的？,胸膜炎有什么症状？,0
1577,胸膜炎,胸膜炎康复后胸痛怎么办,胸膜炎康复后不能吃什么,0
1465,胸膜炎,得过胸膜炎能保重大疾病险吗,得过胸膜炎可以保重大疾病险吗？,1
1622,胸膜炎,男朋友咬破胸部会得胸膜炎吗,男朋友咬破胸部怎么样清理,0
1675,胸膜炎,胸膜炎会引起脑袋胀痛吗,胸膜炎有可能引起脑袋胀痛吗,1
1165,胸膜炎,请问干性胸膜炎用什么药？,你好：我是干性胸膜炎，请问用能什么药治疗,1
405,胸膜炎,纤维素性胸膜炎是什么病,纤维素性胸膜炎是怎样的病？,1
1138,胸膜炎,请问胸膜炎有粘连反复发作怎么办？,请问胸膜炎有粘连反复发作是什么原因？,0
1119,胸膜炎,胸膜炎做什么检查能查出?,胸膜炎要做哪些检查？,0
1684,胸膜炎,胸膜炎患者康复后可多喝苦菜泡茶吗,多喝苦菜泡茶能预防疾病吗,0
233,胸膜炎,请问胸膜炎哪些项目需要复查？,请问胸膜炎查有必要吗？,0
1414,胸膜炎,牙龈发炎会引发胸膜炎吗,牙龈发炎红肿有什么小妙招,0
1144,胸膜炎,请问胸膜炎积水术后还会复发吗？,请问胸膜炎积水术后生活有什么要注意的？,0
1755,胸膜炎,胸膜炎人可以喝羊奶粉吗,胸膜炎患者能不能喝羊奶粉？,1
1762,胸膜炎,胸膜炎能转变成胸腺瘤吗,胸腺瘤要开刀吗？,0
441,胸膜炎,胸膜炎如何治疗？饮食方面有哪些建议？,胸膜炎应该怎么治疗？在饮食上有什么建议？,1
244,胸膜炎,请问结合性胸膜炎吃哪几种药？,请问结合性胸膜炎有什么症状？吃哪几种药？,0
1827,胸膜炎,胸膜炎复发的概率有多大复发了还能治吗,胸膜炎不不复发该怎么办？,0
1423,胸膜炎,胸膜炎引起肺委缩有得冶吗,胸膜炎引起肺委缩该怎么解决,0
242,胸膜炎,请问结合性胸膜炎吃哪几种药？,请问结合性胸膜炎吃什么药？,0
246,胸膜炎,请问风湿性胸膜炎是什么？,请问风湿性胸膜炎是什么病？,1
1820,胸膜炎,胸膜炎严重吗会有什么表现,胸膜炎是否严重会有什么症状表现？,1
239,胸膜炎,请问判定是不是胸膜炎要做什么检查？,请问判定是不是胸膜炎有哪些方法？,0
1289,胸膜炎,包裹性胸膜炎手术后还会复发吗,包裹性胸膜炎手术后饮食有什么需要注意的,0
1461,胸膜炎,胸膜炎跟心情不好有关系吗,心情不好跟胸膜炎有关系吗？,1
1753,胸膜炎,胸膜炎疼和乳腺疼怎么区别,乳腺脓肿后引起胸膜炎淋巴结怎么治疗？,0
1519,胸膜炎,胸膜炎患者是怎么抗病的,胸膜炎患者应该保持什么心情,0
1334,胸膜炎,肺炎引起胸膜炎吃什么药最好？,肺炎引起胸膜炎严重吗？,0
1898,胸膜炎,得胸膜炎有什么症状？请详细说说,胸膜炎好治吗？,0
1447,胸膜炎,结合性胸膜炎检查x光能看出问题吗,结合性胸膜炎属于常见的一种疾病吗,0
1506,胸膜炎,得过胸膜炎胸片能看出来吗,胸片能看出来得过胸膜炎吗,1
1730,胸膜炎,没有得过胸膜炎怎么会胸膜增厚,没有得过胸膜炎为什么会胸膜增厚,1
1650,胸膜炎,结核胸膜炎能同时喝补血的吗,结核胸膜炎能同时喝补血的可以吗,1
1687,胸膜炎,剧烈运动后喝水为什么会得胸膜炎,剧烈运动需要注意怎么,0
1517,胸膜炎,胸膜炎患者是怎么抗病的,胸膜炎患者不能吃什么,0
1749,胸膜炎,炎症引起的胸膜炎对胎儿影响大吗,"得了胸膜炎,是什么引起的？",0
1260,胸膜炎,得胸膜炎后怎么照顾自己,得胸膜炎后要怎样照顾自己,1
1600,胸膜炎,长期久坐会得胸膜炎吗？,长期久坐可能得胸膜炎吗？,1
1759,胸膜炎,胸膜炎人可以喝羊奶粉吗,请问胸膜炎是什么症状？,0
1538,胸膜炎,胸膜炎与戒白粉有关系吗,戒白粉有什么办法,0
267,胸膜炎,腰和后背疼是胸膜炎吗？,腰和后背疼是什么原因呢,0
1813,胸膜炎,胸膜炎服用什么药物好呢多久可以康复呢,胸膜炎做纤支镜好的快吗？,0
1297,胸膜炎,胸膜炎症状胸膜炎严重不严重,急性胸膜炎，急性胸膜炎严重吗,0
1194,胸膜炎,结核胸膜炎，已经腹水了,结核胸膜炎，已经腹水了，有什么好的治疗方法,0
1514,胸膜炎,胸膜炎治不好是怎么回事,胸膜炎治不好该怎么办,0
1424,胸膜炎,胸膜炎引起肺委缩有得冶吗,什么是肺委缩,0
1367,胸膜炎,胸膜炎住院期间陪伴病人可以睡一快吗,怎么照顾胸膜炎患者,0
319,胸膜炎,中药能治好结核胸膜炎吗,结核胸膜炎是杆菌引起的吗,0
395,胸膜炎,胸膜炎包裹性积液能吃抗核药吗,胸膜炎包裹性积液可否吃抗核药？,1
1299,胸膜炎,胸膜炎症状胸膜炎严重不严重,胸膜炎严重吗,0
1693,胸膜炎,结合性胸膜炎需要注射利福平吗,结合性胸膜炎大概需要多久治好,0
1395,胸膜炎,结核胸膜炎消炎一星期会有好转吗,结核胸膜炎消炎一星期有好转的可能性吗,1
1243,胸膜炎,胸膜炎治愈后会有后遗症吗？,"结核性胸膜炎治愈后,有哪些后遗症",0
1782,胸膜炎,吃东西左胸口疼有什么好的办法能够根治吗,左下胸口隐隐作痛是什么原因？,0
1280,胸膜炎,胸膜炎急性胸部疼痛怎么缓解,胸膜炎急性胸部疼痛如何缓解,1
253,胸膜炎,请问得了胸膜炎要注意什么？,请问得了胸膜炎饮食要注意哪些,0
1241,胸膜炎,胸膜炎治愈后会有后遗症吗？,胸膜炎治愈后会不会有后遗症？,1
231,胸膜炎,请问胸膜炎哪些项目需要复查？,请问胸膜炎哪些项目要进行复查？,1
237,胸膜炎,请问判定是不是胸膜炎要做什么检查？,请问判定是不是胸膜炎要怎么做？,0
340,胸膜炎,结核胸膜炎是怎么引起的,结核胸膜炎是怎么回事,1
1885,胸膜炎,胸膜炎会导致心脏移位吗？,胸膜炎会引起心脏移位吗？,1
247,胸膜炎,请问风湿性胸膜炎是什么？,风湿性胸膜炎怎么治疗,0
1109,胸膜炎,干性胸膜炎有什么症状?,干性胸膜炎怎么办,0
1154,胸膜炎,请问胸膜炎是怎样引起的？,请问胸膜炎吃什么药好？,0
1612,胸膜炎,胸膜炎治好后胸痛是复发了吗,胸膜炎治好后能剧烈运动吗,0
1390,胸膜炎,胸膜炎的结节影是怎么回事,胸膜炎的结节影是什么意思,1
1763,胸膜炎,胸膜炎能转变成胸腺瘤吗,胸腺瘤是怎么造成的？,0
1656,胸膜炎,刚断了胸膜炎的药还会得肾结核吗,刚断了胸膜炎的药有可能得肾结核吗,1
1567,胸膜炎,肺炎胸膜炎会引起室早吗？,肺炎胸膜炎不治疗会怎么办,0
324,胸膜炎,胸膜炎不用治能自己好吗,胸膜炎是咳嗽引起的吗,0
1467,胸膜炎,得过胸膜炎能保重大疾病险吗,重大疾病险都包括什么,0
1474,胸膜炎,支气管堵塞会引起胸膜炎吗,支气管堵塞会引起呼吸困难吗？,0
1279,胸膜炎,胸膜炎、胸部疼痛怎么办,初诊胸膜炎胸疼痛该怎么办,0
1222,胸膜炎,胸膜炎打头孢匹胺有用吗,胸膜炎打头孢匹胺可以吗？,0
1125,胸膜炎,胸膜炎结核，冶疗10天，还需要继续治疗吗,胸膜炎结核，冶疗10天，会不会有好转？,1
447,胸膜炎,请问胸膜炎积水了肝胀又有点痛，怎么了？,请问胸膜炎积水了肝胀又有点痛能吃什么药？,0
1660,胸膜炎,肺炎引起的胸膜炎该怎么办,肺炎引起的胸膜炎如何是好,1
1877,胸膜炎,我现在得了胸膜炎该怎么办,得了胸膜炎会有什么病症？,0
1266,胸膜炎,治胸膜炎用什么中成药好,什么中成药治疗治胸膜炎好,1
1787,胸膜炎,吃东西左胸口疼有什么好的办法能够根治吗,吃东西左胸口疼是什么疾病？,0
400,胸膜炎,年纪大得急性胸膜炎危险大吗,老年人得胸膜炎危险吗？,1
321,胸膜炎,胸膜炎不用治能自己好吗,胸膜炎不用治自己好的可能性大吗,1
1657,胸膜炎,刚断了胸膜炎的药还会得肾结核吗,刚断了胸膜炎的药会不会胸痛,0
1555,胸膜炎,淋巴颗粒能造成胸膜炎吗,淋巴颗粒对胸膜炎有什么影响吗,1
1531,胸膜炎,治疗好的胸膜炎病人长寿吗?,治疗好的胸膜炎病人长寿的机率大吗,1
1432,胸膜炎,胸膜炎会导致蛋白流失吗？,胸膜炎需要补充营养品吗,0
303,胸膜炎,结核胸膜炎治愈后能喝酒吗,结核胸膜炎治愈后能吃哪些东西,0
1156,胸膜炎,请问右上腹肋间痛是胸膜炎吗？,请问右上腹肋间痛会不会是胸膜炎？,1
1216,胸膜炎,胸膜炎好了胸疼怎么回事,胸膜炎好了为什么还会胸疼？,1
1331,胸膜炎,肺炎引起胸膜炎吃什么药最好？,肺炎引起胸膜炎吃哪种药最好？,1
1183,胸膜炎,细菌性胸膜炎应如何治疗可治愈吗,细菌性胸膜炎应可治愈吗,0
1511,胸膜炎,胸膜炎治不好是怎么回事,胸膜炎一直治不好是咋回事,1
1247,胸膜炎,请问胸膜炎有哪些症状,胸膜炎是什么病啊，得了胸膜炎会有哪些征兆,0
378,胸膜炎,胸膜炎复查需要拍CT吗,胸膜炎复查前能吃饭吗,0
1227,胸膜炎,胸膜炎抽水出血丝怎么回事,胸膜炎抽水出血丝怎么办,0
290,胸膜炎,胸膜炎是什么原因引起的,得了胸膜炎，这是什么原因引起的啊？,1
1501,胸膜炎,结核胸膜炎什么情况下会发热,结核胸膜炎在哪种情况下会发热,1
274,胸膜炎,胸膜炎治愈后胸以后会痛吗,胸膜炎治愈后头会痛吗？,0
1696,胸膜炎,肺炎引起的胸膜炎疼痛怎么止住?,肺炎导致的胸膜炎疼痛该怎么止痛,1
357,胸膜炎,胸膜炎 清肺十八味丸在哪里有卖的什么价,清肺十八味丸治什么,0
1786,胸膜炎,吃东西左胸口疼有什么好的办法能够根治吗,吃东西左胸口疼有哪些好的办法能否根治？,1
1748,胸膜炎,炎症引起的胸膜炎对胎儿影响大吗,有结合性胸膜炎和胆结石能打胎儿吗？,0
1434,胸膜炎,胸膜炎会导致蛋白流失吗？,蛋白流失会引发什么病,0
1408,胸膜炎,从胸片能看出是什么胸膜炎吗,拍胸片主要检查什么,0
1633,胸膜炎,胸膜炎与穿内衣的松紧有关吗,胸膜炎患者穿内衣用特别料子吗,0
1485,胸膜炎,胸膜炎肺炎用什么消炎药好,用什么消炎药对胸膜炎肺炎好,1
381,胸膜炎,胸膜炎发烧到38度正常吗？,胸膜炎发烧到38度有什么异样吗,1
1112,胸膜炎,胸膜炎是什么症状?吃什么药好?,胸膜炎症状吃什么药,0
297,胸膜炎,化脓性胸膜炎会传染吗？,化脓性胸膜炎是传染病吗,0
1388,胸膜炎,胸膜炎会引起反复发烧吗,胸膜炎治好后会复发吗,0
272,胸膜炎,胸膜炎治愈后胸以后会痛吗,胸膜炎痊愈后胸肋疼痛,0
1564,胸膜炎,结核胸膜炎x光会显示吗,结核胸膜炎自愈后会不会复发,0
1321,胸膜炎,"支气管肺炎,胸膜炎,不能吃什么","得了支气管肺炎,胸膜炎,吃什么需要忌口",1
1533,胸膜炎,治疗好的胸膜炎病人长寿吗?,治疗好的胸膜炎病人会复发吗,0
384,胸膜炎,胸膜炎发烧到38度正常吗？,发烧38度可以吃布洛芬吗,0
1268,胸膜炎,治胸膜炎用什么中成药好,治胸膜炎最好的方法,0
1571,胸膜炎,初治結核性胸膜炎用什么药,初治結核性胸膜炎应该用什么药啊,1
331,胸膜炎,渗透性胸膜炎结核能治好吗,渗透性胸膜炎结核能治好的可能性大吗？,1
1290,胸膜炎,胸膜炎的症状该吃什么药,胸膜炎的症状吃什么药,1
1667,胸膜炎,有胸膜炎的心电图正常吗？,心电图主要检查什么,0
362,胸膜炎,胸膜炎饮食需要注意什么,胸膜炎吃什么药比较好,0
342,胸膜炎,结核胸膜炎是怎么引起的,结核胸膜炎能不能预防,0
1179,胸膜炎,胸膜炎如何治疗饮食方面有哪些建议,胸膜炎如何治疗饮食方面需要不要忌口？,0
1686,胸膜炎,剧烈运动后喝水为什么会得胸膜炎,为什么剧烈运动后喝水会得胸膜炎,1
1515,胸膜炎,胸膜炎患者是怎么抗病的,胸膜炎患者抗病的变现有哪些,1
1304,胸膜炎,胸膜炎一年了做什么复查？,胸膜炎一年了吃什么药好,0
1865,胸膜炎,结核胸膜炎引发肠梗阻可能是腹膜炎？,结核胸膜炎引发肠梗阻可能是腹膜炎该怎么办,1
1196,胸膜炎,结核性渗出性胸膜炎的治疗方法有哪些,结核性渗出性胸膜炎有哪些治疗方法,1
1792,胸膜炎,结核性渗出性胸膜炎是什么病,结核性渗出性胸膜炎有哪些症状？,0
1230,胸膜炎,胸闷疼后背难受是胸膜炎吗,胸闷疼后背难受是不是胸膜炎,1
1897,胸膜炎,得胸膜炎有什么症状？请详细说说,胸膜炎的病因是什么？,0
1641,胸膜炎,胸膜炎吃什么可以消除积水,胸膜炎吃什么消除积水效果好,1
1524,胸膜炎,什么样的人容易得胸膜炎,孕妇得了胸膜炎怎么治疗,0
1893,胸膜炎,你好，胸膜炎建议吃什么药？,胸膜炎的病因是什么？,0
1534,胸膜炎,治疗好的胸膜炎病人长寿吗?,长寿有什么秘诀吗,0
260,胸膜炎,肺部感染胸膜炎好治疗吗？,肺部感染加胸膜炎该怎么治疗，严重吗？,1
1640,胸膜炎,胸膜炎吃什么可以消除积水,吃什么可以消除胸膜炎积水,1
1295,胸膜炎,胸膜炎症状胸膜炎严重不严重,胸膜炎症状胸膜炎严不严重？,1
1895,胸膜炎,得胸膜炎有什么症状？请详细说说,得胸膜炎会有哪些症状？,1
243,胸膜炎,请问结合性胸膜炎吃哪几种药？,请问结合性胸膜炎有什么症状？,0
1250,胸膜炎,胸膜炎饮食需要注意什么？,胸膜炎要注意什么饮食?,1
1808,胸膜炎,请问头孢氨苄甲氧苄啶片可以胸膜炎吗,请问头孢氨苄甲氧苄啶片治疗胸膜炎有哪些要注意？,0
1872,胸膜炎,椒目葶苈汤可以治疗胸膜炎吗,胸膜炎的治疗费用贵吗？,0
1479,胸膜炎,胸膜炎活动时疼痛会加重吗,胸膜炎活动时可以做什么运动,0
1521,胸膜炎,什么样的人容易得胸膜炎,容易得胸膜炎的是什么人群,1
1899,胸膜炎,得胸膜炎有什么症状？请详细说说,胸膜炎吃什么药好？,0
1310,胸膜炎,胸膜炎是什么原因引起的？,什么原因引起胸膜炎,1
1593,胸膜炎,胸膜炎会引起喉咙干，痒，痛吗？,喉咙干，氧，痛该吃什么药,0
1857,胸膜炎,胸膜炎可以治疗嘛？,胸膜炎如何预防？,0
1643,胸膜炎,胸膜炎吃什么可以消除积水,可以快速消除积水的办法有什么,0
417,胸膜炎,结合性胸膜炎已经半年了，什么时候会好,结合性胸膜炎严重吗？,0
1198,胸膜炎,结核性渗出性胸膜炎的治疗方法有哪些,结核性渗出性胸膜炎有什么药可以吃,0
1544,胸膜炎,胸膜炎抽水后十年会复发吗？,胸膜炎是怎么抽水的,0
1456,胸膜炎,胸膜炎患者干体力活可以吗,胸膜炎患者干体力活可以不,1
1796,胸膜炎,胸口闷感觉呼吸不到氧气时间有两年了，是怎么了,胸口闷感觉呼吸不到氧气时间有两年了，这是什么情况？,1
1407,胸膜炎,从胸片能看出是什么胸膜炎吗,咳嗽胸闷乏力是胸膜炎吗,0
1727,胸膜炎,外伤会导致胸膜炎吗,外伤怎么处理妥当,0
1347,胸膜炎,胸膜炎是怎么引起的炎？,哪个部位的炎症可以引起胸膜炎？,0
1871,胸膜炎,椒目葶苈汤可以治疗胸膜炎吗,椒目葶苈汤能治疗胸膜炎吗？,1
1238,胸膜炎,陈旧性胸膜炎应注意什么,陈旧性胸膜炎应可以运动吗？,0
1281,胸膜炎,胸膜炎急性胸部疼痛怎么缓解,胸膜炎急性胸部疼痛怎样才能缓解,1
1726,胸膜炎,外伤会导致胸膜炎吗,受了外伤能不能引发胸膜炎,1
1525,胸膜炎,治疗胸膜炎时胸水多了怎么回事？,为什么治疗胸膜炎时胸水变多了,1
295,胸膜炎,化脓性胸膜炎会传染吗？,化脓性胸膜炎会不会传染？,1
280,胸膜炎,胸膜炎症状吃什么药，可以治疗,胸膜炎症状吃哪种药，可以治疗,1
424,胸膜炎,治疗胸膜炎的方法有哪些,胸膜炎能吃什么食物？,0
1126,胸膜炎,胸膜炎结核，冶疗10天，还需要继续治疗吗,对于胸膜炎结核，治疗十天后还用继续治疗吗？,1
1869,胸膜炎,结核胸膜炎引发肠梗阻可能是腹膜炎？,结核性渗出性胸膜炎能治痊愈吗？,0
287,胸膜炎,胸闷气短是胸膜炎的症状吗,胸闷气短是胸膜炎吗？,0
1177,胸膜炎,胸膜炎如何治疗饮食方面有哪些建议,胸膜炎怎样治疗饮食方面有什么不能吃的,0
1852,胸膜炎,醋酸地塞米松可以治疗胸膜炎吗,醋酸地塞米松有什么适应症？,0
1468,胸膜炎,得过胸膜炎能保重大疾病险吗,得过胸膜炎还会引起其他病吗,0
1784,胸膜炎,吃东西左胸口疼有什么好的办法能够根治吗,吃东西左胸口疼是什么疾病？,0
1870,胸膜炎,椒目葶苈汤可以治疗胸膜炎吗,结核性胸膜炎可以用椒目葶苈汤来治疗吗？,1
1413,胸膜炎,牙龈发炎会引发胸膜炎吗,牙龈发炎是上火了吗,0
403,胸膜炎,年纪大得急性胸膜炎危险大吗,老年人胸腔积液与胸膜炎的症状是什么？,0
302,胸膜炎,结核胸膜炎治愈后能喝酒吗,结核胸膜炎治愈后能喝什么酒类？,0
1259,胸膜炎,干性胸膜炎是否传染？和注意事项..,干性胸膜炎有什么症状？,0
268,胸膜炎,腰和后背疼是胸膜炎吗？,腰和后背疼是胸膜炎的症状吗？,0
367,胸膜炎,胸膜炎症状为什么反复发作,胸膜炎症状吃什么药效果好,0
1429,胸膜炎,胸膜炎会引起肋间神经痛吗,胸膜炎最初症状是什么,0
1575,胸膜炎,胸膜炎康复后胸痛怎么办,胸膜炎康复后胸痛如何是好,1
392,胸膜炎,胸膜炎对男了阴茎有影响吗,得了胸膜炎的男患者能要孩子吗,0
1790,胸膜炎,结核性渗出性胸膜炎是什么病,什么是结核性渗出性胸膜炎？,1
402,胸膜炎,年纪大得急性胸膜炎危险大吗,老人有胸膜炎要怎么办？,0
1108,胸膜炎,干性胸膜炎有什么症状?,干性胸膜炎吃什么药,0
1625,胸膜炎,豆腐炖黄豆芽对胸膜炎有好处吗,豆腐炖黄豆芽对胸膜炎有什么益处吗,1
1284,胸膜炎,胸膜炎急性胸部疼痛怎么缓解,胸膜炎急性胸部疼痛什么原因,0
1338,胸膜炎,胸膜炎应该先看什么科？,胸膜炎看什么科,0
1273,胸膜炎,治胸膜炎用什么中成药好,治胸膜炎期间应该注意什么,0
1678,胸膜炎,胸膜炎会引起脑袋胀痛吗,脑袋胀痛会发烧吗,0
1529,胸膜炎,治疗胸膜炎时胸水多了怎么回事？,治疗胸膜炎时胸水多了需要注意什么,0
1269,胸膜炎,治胸膜炎用什么中成药好,治胸膜炎用西药好还是中药好？,0
1861,胸膜炎,结核胸膜炎引发肠梗阻能彻底治愈吗？,结核胸膜炎造成的肠梗阻能彻底治好吗？,1
1213,胸膜炎,胸膜炎可以喝铁打药酒吗？,胸膜炎饮食有什么需要注意的,0
1785,胸膜炎,吃东西左胸口疼有什么好的办法能够根治吗,吃东西左胸口疼是否有好办法能彻底根治吗？,1
1131,胸膜炎,请问胸膜炎伴积水是否严重？,请问胸膜炎伴积水是不是严重？,1
439,胸膜炎,胸膜炎吃什么药好用，我是开大货车,胸膜炎吃什么消炎药？,0
1175,胸膜炎,胸膜炎如何治疗饮食方面有哪些建议,胸膜炎如何治疗饮食方面有什么建议,1
1358,胸膜炎,肿瘤性胸膜炎是什么引起的,肿瘤性胸膜炎严重吗,0
1263,胸膜炎,得胸膜炎后怎么照顾自己,得胸膜炎后吃什么药,0
1883,胸膜炎,医生您好:请问您胸膜炎是由什么引起的？,胸膜炎病人有什么需要注意的事项？,0
444,胸膜炎,胸膜炎如何治疗？饮食方面有哪些建议？,胸膜炎好治吗？,0
1729,胸膜炎,外伤会导致胸膜炎吗,外伤会感染其他病吗,0
341,胸膜炎,结核胸膜炎是怎么引起的,引起结核胸膜炎的是什么,1
1316,胸膜炎,"支气管肺炎,胸膜炎,不能吃什么","支气管肺炎,胸膜炎,什么东西禁吃？",1
1389,胸膜炎,胸膜炎会引起反复发烧吗,胸痛胸闷的表现是因为胸膜炎吗,0
1772,胸膜炎,胸膜炎在复查阶段咳嗽请问是什么毛病,胸膜炎在复查阶段咳嗽严重吗？,0
1239,胸膜炎,陈旧性胸膜炎应注意什么,陈旧性胸膜炎怎么治疗？,0
285,胸膜炎,胸闷气短是胸膜炎的症状吗,胸闷气短是胸膜炎的临床表现吗,1
354,胸膜炎,胸膜炎后遗症吃什么中药,咳嗽胸闷是胸膜炎表现吗,0
1614,胸膜炎,胸膜炎治好后胸痛是复发了吗,胸痛需要看医生吗,0
326,胸膜炎,孕期胸膜炎治疗对胎儿有影响吗,孕期治疗胸膜炎对胎儿有影响吗,1
1307,胸膜炎,胸膜炎可以根治吗严重吗,胸膜炎会不会传染，严重吗？能不能治愈？,0
1191,胸膜炎,结核胸膜炎，已经腹水了,结核性胸膜炎和肝腹水如何治疗？,1
1739,胸膜炎,不发烧咳嗽会得胸膜炎吗,胸膜炎胸痛怎么缓解,0
258,胸膜炎,请问治疗胸膜炎可以使用激素吗?,请问治疗胸膜炎可以使用哪些药物?,0
1378,胸膜炎,得过胸膜炎以后再发烧会胸疼吗,得过胸膜炎以后饮食应该注意什么,0
1385,胸膜炎,胸膜炎会引起反复发烧吗,反复发烧会是胸膜炎引起的吗,1
399,胸膜炎,胸膜炎包裹性积液能吃抗核药吗,结核胸膜炎吃药期间后背痛正常吗？,0
1209,胸膜炎,胸膜炎做CT能查出来吗,CT检查出胸膜炎，请问该怎么办？,0
1386,胸膜炎,胸膜炎会引起反复发烧吗,胸膜炎引起反复发烧的可能性大吗,1
1161,胸膜炎,请问患过结核胸膜炎能怀孕吗？,请问患过结核胸膜炎可以怀孕吗？,1
1738,胸膜炎,不发烧咳嗽会得胸膜炎吗,胸膜炎有什么特效药吗,0
275,胸膜炎,胸膜炎服药期间能吃虾吗,胸膜炎服药期间能不能吃虾,1
1293,胸膜炎,胸膜炎的症状该吃什么药,胸膜炎症状要怎样冶吃什么药,0
1233,胸膜炎,胸闷疼后背难受是胸膜炎吗,胸闷疼后背难受是什么原因呢,0
1669,胸膜炎,有胸膜炎的心电图正常吗？,得了什么病需要做心电图,0
1688,胸膜炎,剧烈运动后喝水为什么会得胸膜炎,剧烈运动后大量喝水健康吗,0
1473,胸膜炎,支气管堵塞会引起胸膜炎吗,支气管堵塞应该怎么治疗,0
1255,胸膜炎,干性胸膜炎是否传染？和注意事项..,干性胸膜炎能否传染？和注意事项..,1
394,胸膜炎,胸膜炎对男了阴茎有影响吗,得了胸膜炎男患者锻炼身体可以增强免疫力吗,0
1532,胸膜炎,治疗好的胸膜炎病人长寿吗?,治疗好的胸膜炎病人留后遗症吗,0
1257,胸膜炎,干性胸膜炎是否传染？和注意事项..,干性胸膜炎是否传染？,0
1704,胸膜炎,得过胸膜炎公考报名用填写吗,得过胸膜炎干重活有影响吗,0
391,胸膜炎,胸膜炎对男了阴茎有影响吗,胸膜炎对男了阴茎有什么影响吗,1
1261,胸膜炎,得胸膜炎后怎么照顾自己,得胸膜炎后如何照顾自己,1
1750,胸膜炎,胸膜炎疼和乳腺疼怎么区别,如何区别胸膜炎疼和乳腺疼？,1
1489,胸膜炎,胸膜炎肺炎用什么消炎药好,胸膜炎肺炎好治疗吗,0
1139,胸膜炎,请问胸膜炎有粘连反复发作怎么办？,请问胸膜炎有粘连反复发作吃什么药有用？,0
1628,胸膜炎,豆腐炖黄豆芽对胸膜炎有好处吗,食补豆腐炖黄豆芽能治什么病,0
1539,胸膜炎,胸膜炎与戒白粉有关系吗,胸膜炎患者自愈后还会出现胸闷吗,0
431,胸膜炎,胸膜炎治疗好之后为什么还痛,胸膜炎治疗好之后还痛是为什么呀？,1
1542,胸膜炎,胸膜炎抽水后十年会复发吗？,胸膜炎抽水后如何运动,0
1235,胸膜炎,陈旧性胸膜炎应注意什么,陈旧性胸膜炎注意事项,1
1876,胸膜炎,我现在得了胸膜炎该怎么办,得了胸膜炎要怎么做？,1
269,胸膜炎,腰和后背疼是胸膜炎吗？,腰和后背疼是什么病症？,0
1771,胸膜炎,胸膜炎在复查阶段咳嗽请问是什么毛病,胸膜炎在复查阶段咳嗽是哪种病？,1
1818,胸膜炎,患了胸膜炎正在吃药治疗能喝酒吗,请问胸膜炎有哪些症状？,0
240,胸膜炎,请问结合性胸膜炎吃哪几种药？,结合性胸膜炎主要吃哪几种药？,1
1647,胸膜炎,慢性胸膜炎做ct能看出来来吗,慢性胸膜炎主要检查什么指标,0
1324,胸膜炎,"支气管肺炎,胸膜炎,不能吃什么",支气管肺炎是咳嗽引起的吗,0
1433,胸膜炎,胸膜炎会导致蛋白流失吗？,蛋白流失严重吗,0
264,胸膜炎,肺部感染胸膜炎好治疗吗？,肺部感染胸膜炎怎么办？,0
1208,胸膜炎,胸膜炎做CT能查出来吗,CT检查出胸膜炎，请问该如何治疗？,0
382,胸膜炎,胸膜炎发烧到38度正常吗？,胸膜炎发烧怎么降温,0
5668,感冒,喂奶能吃速效伤风感冒胶囊吗,哺乳期感冒了能吃哪些感冒药？,0
1240,感冒,一岁小孩经常流鼻涕怎么办？,孩子总咳嗽怎么办？,0
1036,感冒,怀孕期间感冒了可以吃感冒药吗,怀孕期间感冒怎么办,0
5494,感冒,全身无力酸痛没劲是怎么回事？感冒了吗？,感冒全身酸软无力怎么办？,0
1294,感冒,怀孕45天，严重感冒怎么办,怀孕45天，严重感冒怎么治？,1
5437,感冒,怀孕感冒吃了感冒清怎么办,怀孕感冒吃了感冒清有什么影响吗,1
4664,感冒,宝宝流黄色的粘稠鼻涕怎么办,宝宝流黄色的粘稠鼻涕能服用头孢类的药吗,0
4871,感冒,宝宝为什么老是流鼻涕?,宝宝老是流鼻涕怎么回事?,1
5791,感冒,感冒引起耳朵疼怎么办？,感冒造成耳朵疼该怎么办？,1
5261,感冒,感冒了吃药时可以喝茶叶水吗？,感冒了吃药时茶叶水能服用吗？,1
4846,感冒,孕妇感冒可以喝红糖煮姜水吗,孕妇感冒可不可喝红糖煮姜水吗,1
5542,感冒,宝宝打喷嚏流鼻涕吃什么药好得快,宝宝打喷嚏流鼻涕最适合吃什么药？,1
4813,感冒,孕妇感冒了能喝板蓝根吗？,孕妇感冒了是不是尽量别吃药,0
4716,感冒,怀孕16周多感冒了怎么办,怀孕17周多感冒了怎么办如何是好？,1
5953,感冒,哺乳期吃了感冒药多久可以喂奶,哺乳期能吃感冒药吗,0
4386,感冒,宝宝流鼻涕咳嗽吃什么药,宝宝流鼻涕咳嗽应该开些什么药,1
4566,感冒,哺乳期感冒吃什么药能好？,哺乳期感冒吃什么药好呢？,1
6126,感冒,11个月的宝宝老是流鼻涕怎么办,11个月大孩子老是流鼻涕怎么治,1
1271,感冒,九个月宝宝流鼻涕鼻塞怎么办呢,宝宝鼻塞流鼻涕能吃什么药管用？,0
5528,感冒,怀孕期间感冒对胎儿有哪些影响,怀孕期间感冒可以喝姜汤吗,0
1189,感冒,我宝宝老流鼻涕怎么回事,宝宝一直淌鼻涕是怎么回事？,1
4774,感冒,请问孕妇感冒能吃什么药？,孕妇感冒不能吃药吗,0
4805,感冒,孕妇感冒了能喝板蓝根吗？,孕妇感冒可以喝板蓝根吗,1
1266,感冒,"我感冒引起的嗓子哑,怎么办?",感冒了嗓子哑了该吃什么药？,0
4766,感冒,宝宝流清鼻涕是感冒了吗,宝宝流清鼻涕可能是感冒了？,1
4450,感冒,怀孕期间吃了感冒药有没有影响?,怀孕期间吃了感冒药有影响没有?,1
4630,感冒,哺乳期腹股沟淋巴结肿大怎么办,哺乳期腹股沟淋巴结肿大该怎样,1
6042,感冒,婴儿流鼻涕变成鼻塞怎么办啊,宝宝流鼻涕变成鼻塞怎么办才好,1
5965,感冒,感冒以后吃了几天药不见效怎么办,感冒以后应该注意什么,0
5781,感冒,刚出生十多天的宝宝鼻塞流鼻涕该怎么办,刚出生十多天的宝宝鼻塞流鼻涕该怎么做？,1
5584,感冒,孕妇可以吃的感冒药有哪些牌子,孕妇吃的食物用特别清洗吗,0
5275,感冒,感冒期间能怀孕吗请问？,感冒期间能不能怀孕请问？,1
1164,感冒,妈妈感冒了还可以喂母乳吗？,妈妈感冒了能不能喂母乳？,1
5580,感冒,孕妇可以吃的感冒药有哪些牌子,孕妇能不能吃感冒药？,0
1217,感冒,小孩子经常的流鼻涕怎么办,小孩子经常流鼻涕是感冒引起的吗,0
5985,感冒,孕妇有轻微感冒该怎么办？,孕妇轻微感冒应该在饮食上注意什么,0
4418,感冒,擤鼻涕把耳朵堵了怎么办,擤鼻涕把耳朵堵了会造成耳鸣吗,0
4792,感冒,请问：我为什么经常感冒？,请问：我经常感冒可以长期服抗生素吗,0
1078,感冒,请问感冒的时候可以喝枸杞吗？,请问感冒的时候可不可以喝枸杞？,1
4468,感冒,吃感冒药后多久可以怀孕？,备孕期间需要服用叶酸片吗,0
4364,感冒,宝宝胃肠性感冒的症状表现是什么,多大的宝宝容易患胃肠性感冒,0
5170,感冒,经常感冒是怎么引起的啊？,经常感冒是怎么回事啊？,1
4574,感冒,哺乳期感冒吃什么药能好？,哺乳期妈妈感冒用和宝宝分开吗？,0
1095,感冒,打喷嚏流鼻涕吃什么感冒药,打喷嚏流鼻涕的特效药,0
5465,感冒,孕妇感冒了，对胎儿有影响吗？,怀孕前吃的感冒药对胎儿有什么影响？,0
4953,感冒,新康泰克通气鼻贴孕妇能用吗?,新康泰克通气鼻贴的原理,0
5036,感冒,怀孕第一个月吃感冒药有影响吗？,怀孕第一个月吃感冒药影响大吗,1
6240,感冒,感冒流鼻涕头疼发热全身出虚汗怎么回事,感冒都会出现哪些症状,0
4393,感冒,妈妈感冒了还可以喂奶吗？,妈妈感冒了能传染给宝宝吗？,0
4768,感冒,宝宝流清鼻涕是感冒了吗,宝宝流清鼻涕是什么感冒,0
6239,感冒,感冒流鼻涕头疼发热全身出虚汗怎么回事,感冒流鼻涕头疼发热吃什么药,0
979,感冒,两个月的宝宝有点流鼻涕怎么办？,两个月的宝宝有点流鼻涕有什么办法？,1
6238,感冒,感冒流鼻涕头疼发热全身出虚汗怎么回事,流鼻涕头疼发热全身出虚汗是什么病？,0
6051,感冒,感冒药和退烧药能一起吃吗？,感冒药和退烧药一起吃可以吗,1
5269,感冒,感冒了吃药时可以喝茶叶水吗？,风热型感冒吃什么药好,0
6202,感冒,感冒好了后鼻孔里都是黄浓鼻涕怎么办,感冒好了后鼻孔里都是黄浓鼻涕是什么原因,1
5421,感冒,心脏偶尔快速跳动是怎么回事？,心脏偶尔快速跳动是什么情况？,1
6039,感冒,感冒鼻塞流鼻涕打喷嚏怎么办,感冒引起的鼻塞流鼻涕打喷嚏会不会恶化,0
1338,感冒,怀孕16周多感冒了怎么办?,怀了孩子有16周了，不小心感冒了怎么治?,1
5232,感冒,宝宝流清鼻涕，吃什么药好？,宝宝流清鼻涕打喷嚏注意不要受凉？,0
4771,感冒,请问孕妇感冒能吃什么药？,怀孕期间感冒推荐吃什么药,1
5768,感冒,哺乳期感冒能吃阿莫西林吗,哺乳期感冒怎么办？,0
6127,感冒,11个月的宝宝老是流鼻涕怎么办,宝宝11个月了，老是流鼻涕有什么办法,1
4730,感冒,怀孕感冒了怎么办？？？,怀孕感冒了该咋办？？？,1
5342,感冒,感冒一直流鼻涕怎么回事,感冒一直流鼻涕应该注意什么,0
1337,感冒,感冒鼻子闻不到味道是怎么回事,感冒鼻子闻不到味道能吃刺激性食物吗,0
4695,感冒,小孩长期流鼻涕是怎么回事？,小孩老是流鼻涕是什么原因？,1
1088,感冒,孕妇感冒能喝可乐姜汤吗,孕妇感冒能不能喝可乐姜汤,1
4490,感冒,月经期间吃感冒药物的影响是什么啊,月经期间吃感冒药物的影响有哪些,1
5081,感冒,宝宝流鼻涕是感冒了吗？,小孩子流鼻涕是不是感冒的症状？,1
5801,感冒,感冒后喉咙有痰怎么办？,感冒后喉咙有痰如何处理？,1
5121,感冒,小孩感冒发热吃药好还是打针好？,小孩感冒发热建议吃药还是打针,1
4700,感冒,六个月的宝宝有点流鼻涕怎么办？,六个月的宝宝有点流鼻涕如何是好？,1
4637,感冒,哺乳期腹股沟淋巴结肿大怎么办,腹股沟淋巴结肿大是淋巴结炎吗,0
5475,感冒,感冒引起头痛是什么原因,怎么定义偏头痛？,0
5416,感冒,一直流鼻涕打喷嚏怎么办,一直流鼻涕打喷嚏该咋办,1
5832,感冒,鼻子被鼻涕堵住了，怎么做啊,鼻涕堵住了鼻子，鼻子不通怎么办才好？,1
4629,感冒,哺乳期腹股沟淋巴结肿大怎么办,哺乳期的妈妈腹股沟淋巴结肿大是妇科病吗,0
4557,感冒,哺乳期感冒吃什么药能好？,哺乳期的妈妈感冒可以喝清热解毒口服液？,0
4926,感冒,怀孕五个多月感冒了怎么办,怀孕五个多月感冒怎么做好,1
5142,感冒,宝宝有透明粘鼻涕怎么办,宝宝有透明粘鼻涕是感冒吗,0
4523,感冒,不到5岁小孩老是感冒怎么办？,小孩老是感冒可以打预防针吗,0
5975,感冒,妈妈感冒了可以喂母乳吗,妈妈应该怎么护理宝宝,0
5792,感冒,感冒引起耳朵疼怎么办？,感冒引发耳朵疼该怎么做？,1
1254,感冒,怀孕期间感冒了，感冒怎么办？,怀孕期间感冒了，感冒该怎么处理？,1
5899,感冒,来月经时能不能吃感冒药,来月经吃退烧药有什么影响,0
5854,感冒,早产儿感冒怎么办,孕妇感冒怎样预防,0
5594,感冒,感冒了脸浮肿是怎么回事,感冒了脸浮肿需要做检查吗,0
5111,感冒,要是孕妇感冒了吃什么好？？,吃什么对孕妇感冒好,1
4550,感冒,鼻塞打喷嚏流鼻涕怎么办好？,鼻子不通气打喷嚏流鼻涕该怎么办？,1
1007,感冒,孩子感冒吃什么药好呢？,孩子感冒了要注意哪些方面？,0
4864,感冒,宝宝为什么老是流鼻涕?,宝宝流鼻涕小妙招,0
5841,感冒,感冒了流鼻涕和流眼泪怎么办,感冒了流鼻涕和流眼泪该怎么做才好？,1
5754,感冒,什么药治感冒最好最快？,感冒有什么症状？,0
5706,感冒,哺乳期感冒可以打点滴吗,哺乳期感冒能打点滴吗？,1
5273,感冒,感冒了吃药时可以喝茶叶水吗？,感冒了吃药时多喝白开水有效吗,0
4827,感冒,感冒可以喝龙牡壮骨颗粒吗,经常感冒影响钙吸收吗,0
5411,感冒,一直流鼻涕打喷嚏怎么办,老是流鼻涕打喷嚏怎么办？,1
4921,感冒,孕妇感冒最快治疗方法有什么,怀孕期间感冒了，快速高效的治疗方法有哪几种,1
4436,感冒,婴儿流鼻涕流眼泪是什么感冒,婴儿流鼻涕流眼泪是风寒感冒吗,1
5190,感冒,小孩子老是感冒该怎么办啊？,小孩子为什么老是感冒,1
4873,感冒,宝宝为什么老是流鼻涕?,宝宝老是流鼻涕是感冒吗?,0
5069,感冒,哺乳期感冒可以吃感冒药吗？,哺乳期感冒可以吃阿莫西林吗？,0
4608,感冒,一来月经就感冒是怎么回事,多补充维生素可以预防感冒吗,0
5381,感冒,感冒流鼻涕咳嗽有痰怎么治疗,感冒流鼻涕伴有咳嗽，咳嗽有痰，该怎么治疗？,1
4659,感冒,宝宝流黄色的粘稠鼻涕怎么办,宝宝流黄色的粘稠鼻涕能喝双黄连口服液吗,0
4808,感冒,孕妇感冒了能喝板蓝根吗？,孕妇感冒喝板蓝根有副作用吗,0
1197,感冒,得了感冒可以怎么快速治好呀？,感冒了咳嗽得很厉害，可以喝冰水吗？,0
6094,感冒,来月经感冒了可以打针吗,来月经感冒了不流鼻涕是鼻炎吗,0
4952,感冒,新康泰克通气鼻贴孕妇能用吗?,新康泰克通气鼻贴对孕妇的副作用,0
4402,感冒,请问病毒性感冒症状有哪些？,病毒性感冒必须用抗病毒的药吗？,0
5851,感冒,早产儿感冒怎么办,早产儿感冒了要怎么治,1
1051,感冒,6个月宝宝流鼻涕可以打疫苗吗,宝宝流鼻涕为什么不能打疫苗,0
4423,感冒,五十天宝宝突然吐奶严重，是不是感冒了,受凉会导致宝宝突然吐奶严重吗,0
976,感冒,35天婴儿感冒了怎么办,35天婴儿感冒了能吃消炎药吗,0
5543,感冒,宝宝打喷嚏流鼻涕吃什么药好得快,宝宝打喷嚏流鼻涕不吃药有好办法吗？,0
6099,感冒,十一岁孩子感冒流鼻涕怎么办,十一岁孩子感冒流鼻涕会不会是鼻炎,0
4577,感冒,哺乳期感冒吃什么药能好？,哺乳期妈妈感冒需要服用抗生素吗,0
1154,感冒,藿香正气口服液和感冒药能一起用吗,藿香正气口服液和感冒药混合吃行吗,1
4671,感冒,吃感冒药会影响月经推迟吗,吃感冒药会不会影响月经推迟,1
4658,感冒,宝宝流黄色的粘稠鼻涕怎么办,宝宝流黄色的粘稠鼻涕需要用抗生素吗,0
5350,感冒,怀孕26周了，感冒可以喝生姜水吗？,怀孕26周了，感冒了生姜水可以喝吗,1
999,感冒,孕妇感冒对宝宝有影响吗,怀孕的妈妈感冒能影响到宝宝吗,1
5401,感冒,孕妇感冒了，该怎么办啊？,孕妇感冒了怎么处理？,1
5861,感冒,哺乳期感冒了能吃感冒药吗,哺乳期感冒了可不可以吃感冒药？,1
1262,感冒,孕妇伤风感冒怎么办啊？,孕妇风热感冒怎么好得快？,0
6213,感冒,鼻子不通，流鼻涕，不头痛怎么办,鼻子不通，流鼻涕，不头痛是感冒的症状吗,0
4752,感冒,九个月宝宝流鼻涕怎么办,九个月宝宝流鼻涕能打针吗,0
6201,感冒,感冒好了后鼻孔里都是黄浓鼻涕怎么办,感冒好了后鼻孔里都是黄浓鼻涕是咋回事,1
5940,感冒,上月吃感冒药期间老婆怀孕了，有影响吗,怀孕了不能吃感冒药和消炎药？,0
5684,感冒,怀孕感冒可以喝板蓝根吗,用什么牌子的板蓝根较好？,0
5747,感冒,感冒咽喉肿痛吃什么药好得快,感冒咽喉肿痛吃什么药管用？,1
4625,感冒,哺乳期腹股沟淋巴结肿大怎么办,哺乳期腹股沟淋巴结肿大需要怎么治,1
5032,感冒,感冒挂什么科外科还是内科,感冒流鼻涕输液可以吗？,0
4948,感冒,藿香正气口服液和感冒药一样吗,藿香正气口服液治疗感冒吗,0
5017,感冒,感冒鼻塞流鼻涕吃什么药,感冒鼻塞流鼻涕是那种感冒,0
6209,感冒,今年冬天经常感冒怎么办呢,冬天经常感冒可以吃维生素提高免疫力吗,0
5939,感冒,上月吃感冒药期间老婆怀孕了，有影响吗,怀孕初期吃感冒药或其他药会怎么样呢？,0
5711,感冒,小孩肠胃感冒怎么办什么症状,儿童肠胃感冒该怎么办症状是什么？,1
5557,感冒,感冒了怎么办才能好的快一些呢？,有什么方法能让感冒好的快一些呢,1
5306,感冒,感冒了还能给孩子喂奶吗???,感冒了可以给宝宝喂奶吗？,1
5348,感冒,怀孕26周了，感冒可以喝生姜水吗？,感冒喝红糖姜汤水和吃冰糖炖梨有用吗？,0
1060,感冒,哺乳期感冒怎么办最有效,哺乳期鼻塞最有效的办法是什么,0
4575,感冒,哺乳期感冒吃什么药能好？,哺乳期感冒能吃什么药？,1
1212,感冒,小孩子经常的流鼻涕怎么办,孩子咳嗽怎么办？吃什么好？,0
5642,感冒,四岁小孩感冒头疼怎么办好？,小孩感冒头疼感冒发烧如何处理？,1
5082,感冒,宝宝流鼻涕是感冒了吗？,宝宝流鼻涕是鼻炎吗,0
5029,感冒,感冒挂什么科外科还是内科,感冒期间能做外科手术吗,0
5491,感冒,全身无力酸痛没劲是怎么回事？感冒了吗？,为什么会全身无力酸痛没劲。是感冒的前兆吗？,1
5186,感冒,感冒嗓子疼的厉害怎么办？,感冒嗓子疼的厉害有什么办法？,1
1230,感冒,很容易感冒是怎么回事？,特别难受，感冒吃什么好？,0
6222,感冒,怀孕26周多感冒了怎么办?,怀孕26周多感冒了可以服用抗病毒药吗,0
5496,感冒,全身无力酸痛没劲是怎么回事？感冒了吗？,全身无力酸痛没劲是怎么回事？是不是感冒了,1
5611,感冒,因为感冒声音沙哑怎么办,因为感冒声音沙哑如何是好,1
1233,感冒,很容易感冒是怎么回事？,经常容易感冒是咋回事,1
4480,感冒,月子里感冒流鼻涕怎么办,月子里感冒流鼻涕怎样治疗,1
5743,感冒,宝宝老是流鼻涕，咋办？,流鼻涕有什么药管用？,0
4947,感冒,藿香正气口服液和感冒药一样吗,藿香正气口服液和感冒药能一起服用吗,0
4822,感冒,感冒可以喝龙牡壮骨颗粒吗,感冒后喝龙牡壮骨颗粒好的快吗,0
4901,感冒,怀孕前期感冒了怎么办？？？,怀孕前期感冒了用什么办法？？？,1
1284,感冒,怀孕期间吃了感冒药会不会影响胎儿,怀孕期间能吃感冒药吗,1
5291,感冒,孕妇感冒，咽喉肿痛，能按哪些穴位,孕妇感冒，咽喉肿痛，可以按那些穴位,1
5182,感冒,感冒嗓子疼的厉害怎么办？,感冒嗓子疼的厉害吃什么消炎药？,0
6101,感冒,宝宝血常规怎么看出来感冒,宝宝感冒发烧的血常规怎么看,1
5294,感冒,孕妇感冒，咽喉肿痛，能按哪些穴位,孕妇感冒，咽喉肿痛，能喝冰糖雪梨水吗,0
5753,感冒,什么药治感冒最好最快？,感冒怎么治?,0
1265,感冒,"我感冒引起的嗓子哑,怎么办?",喉咙哑，感冒了，喝什么好？,0
5955,感冒,哺乳期吃了感冒药多久可以喂奶,哺乳期发烧了，还能给宝宝吃奶吗,0
968,感冒,两种感冒药混吃会要命吗,两种感冒药能混吃吗,1
4701,感冒,六个月的宝宝有点流鼻涕怎么办？,六个月的宝宝有点流鼻涕采取什么办法？,1
5338,感冒,感冒一直流鼻涕怎么回事,感冒流鼻涕这种情况能喝牛奶吗？,0
1067,感冒,哺乳期感冒怎么办最有效,哺乳期感冒发烧打点滴行吗,0
5446,感冒,哺乳期感冒流鼻涕打喷嚏怎么办,哺乳期感冒流鼻涕打喷嚏如何是好,1
5799,感冒,八个月的宝宝流鼻涕怎么办,宝宝老是流鼻涕是不是得了鼻炎？,0
5593,感冒,感冒了脸浮肿是怎么回事,感冒了脸浮肿会是过敏吗,0
5471,感冒,感冒引起头痛是什么原因,感冒就头疼是什么原因引起？,1
5785,感冒,刚出生十多天的宝宝鼻塞流鼻涕该怎么办,宝宝鼻塞流鼻涕多久能好？,0
5502,感冒,怀孕四个月，感冒了，能喝红糖姜水吗？,怀孕期间感冒了能喝红糖姜水吗？,1
4639,感冒,哺乳期腹股沟淋巴结肿大怎么办,哺乳期腹股沟淋巴结肿大对孩子有影响吗,0
5079,感冒,宝宝流鼻涕是感冒了吗？,宝宝流鼻涕注意保暖多喝水可以吗？,0
5318,感冒,宝宝流鼻涕鼻子不通怎么办,宝宝流鼻涕鼻子不通需要吃什么药,0
5033,感冒,感冒挂什么科外科还是内科,感冒鼻塞流鼻涕有什么方法,0
5210,感冒,怀孕感冒喉咙痛吃什么药好,怀孕感冒喉咙痛能吃什么药,1
5991,感冒,怀孕2个月感冒了，怎么办啊？,怀孕2个月感冒了有什么办法,1
4928,感冒,怀孕五个多月感冒了怎么办,怀孕五个多月感冒最快治疗方法是什么,0
6223,感冒,三个月宝宝鼻子呼呼响没看到鼻涕咋回事,三个月宝宝鼻子呼呼响没看到鼻涕是什么原因,1
5440,感冒,怀孕感冒吃了感冒清怎么办,怀孕感冒是不是抵抗力变差了,0
5622,感冒,肺力咳合剂（健兴）适合什么样的人群服用,什么样的人群可以服用肺力咳合剂（健兴）,1
1237,感冒,很容易感冒是怎么回事？,容易感冒需要注意什么,0
1251,感冒,九个月的宝宝一直流鼻涕怎么办,九个月的宝宝一直流鼻涕能打预防针吗,0
5270,感冒,感冒了吃药时可以喝茶叶水吗？,感冒了吃药时能喝茶叶水吗？,1
5577,感冒,孕妇可以吃的感冒药有哪些牌子,什么样的感冒药孕妇可以吃？,1
1207,感冒,病毒性感冒一般几天能好,病毒性感冒是什么引起的,0
4634,感冒,哺乳期腹股沟淋巴结肿大怎么办,哺乳期腹股沟淋巴结肿大挂什么科,0
1009,感冒,孩子感冒吃什么药好呢？,孩子感冒需要吃什么药？,1
5303,感冒,怀孕40周，感冒怎么办？,怀孕40周可以做哪些运动,0
5944,感冒,打喷嚏流清涕是什么感冒,流清涕是风寒还是风热,0
5679,感冒,孩子感冒了，一天要吃几次药？,宝宝感冒了能吃柚子吗？,0
1034,感冒,怀孕期间感冒了可以吃感冒药吗,怀孕后能吃感冒药吗,1
5590,感冒,感冒了脸浮肿是怎么回事,感冒后脸浮肿几天能好？,0
5490,感冒,普通感冒跟病毒性感冒的区别,普通感冒需要吃药吗,0
6161,感冒,怀孕初期会有感冒症状吗,怀孕初期能有感冒症状吗,1
5090,感冒,孕妇感冒可以喝小柴胡颗粒吗,孕妇感冒可不可以喝小柴胡颗粒,1
5620,感冒,肺力咳合剂（健兴）适合什么样的人群服用,咳嗽一直不好该吃什么药？,0
6102,感冒,宝宝血常规怎么看出来感冒,宝宝感冒的血常规应该咋看,1
6185,感冒,"怀孕初期吃了感冒药,孩子能要吗",怀孕初期感冒了能吃头孢类要吗,0
4705,感冒,六个月的宝宝有点流鼻涕怎么办？,六个月的宝宝有点流鼻涕怎么治？,1
5568,感冒,小孩子一直打喷嚏是不是感冒了？,小孩感冒打预防针会怎么样？,0
5166,感冒,一岁半的小孩不感冒老是流鼻涕怎么办呀,一岁半的小孩不感冒老是流鼻涕怎样治疗,1
1035,感冒,怀孕期间感冒了可以吃感冒药吗,怀孕两周吃药有影响吗,0
5865,感冒,哺乳期感冒了能吃感冒药吗,哺乳期不吃了感冒药怎么办？,0
6130,感冒,11个月的宝宝老是流鼻涕怎么办,11个月的宝宝老是流鼻涕能喝姜糖水吗,0
5898,感冒,来月经时能不能吃感冒药,感冒药注意事项是什么,0
4962,感冒,孕妇感冒了吃什么好的快,孕妇发烧了吃什么药才好,0
998,感冒,孕妇感冒对宝宝有影响吗,怀孕的妈妈感冒对宝宝有什么影响吗,1
4612,感冒,吃感冒药后喝酒会有什么后果,吃退烧药后能不能喝酒,0
5906,感冒,感冒不吃药能好吗？,不吃药多喝水感冒能好吗,1
6120,感冒,胃肠型感冒，吐过，就是感冒了吗,胃肠型感冒能吃止泻药吗,0
1226,感冒,怀孕期间感冒可以喝姜汤吗？,怀孕期间感冒怎么办,0
5218,感冒,怀孕感冒喉咙痛吃什么药好,怀孕感冒喉咙痛是上火还是病毒感染,0
1229,感冒,很容易感冒是怎么回事？,特别容易感冒是为什么？,1
5309,感冒,感冒了还能给孩子喂奶吗???,宝宝感冒了可以喝冰糖水吗？,0
6064,感冒,5岁小孩感冒流鼻涕咳嗽吃什么药物,5岁小孩流鼻涕咳嗽是不是肺炎,0
5848,感冒,感冒了怎样区分冷感还是热感啊,热感冒冷感冒有什么症状？,0
4365,感冒,一般感冒药吃多了会导致月经推迟吗？,经常吃感冒药会引起月经推迟吗？,1
4985,感冒,孕妇8个月可以吃四季感冒片吗,怀孕八个月能不能吃四季感冒片,1
4535,感冒,感冒打预防针有什么影响,感冒打预防针有什么危害,1
4987,感冒,孕妇8个月可以吃四季感冒片吗,孕妇经常感冒对胎儿有影响吗,0
6253,感冒,擤鼻涕的时候感觉耳朵里面出气似的咋回事,擤鼻涕的时候感觉耳朵堵了怎么办,0
5258,感冒,感冒流鼻涕头疼发热全身出虚汗怎么办,头疼发热全身出虚汗是感冒的症状吗,0
6677,上呼吸道感染,上呼吸道感染引起感冒嗓子发炎有痰怎么办,上呼吸道感染能不能吃阿莫西林,0
7323,上呼吸道感染,痰多但不咳漱能吃复方桔梗怯咳片吗,不咳嗽但是有痰可以吃复方桔梗怯咳片,1
6411,上呼吸道感染,8个月宝宝高烧39度怎么办,13个月宝宝发烧39度怎么办？,0
7248,上呼吸道感染,信韦灵利巴韦林气雾剂的作用效果大吗,信韦灵利巴韦林气雾剂的效果好吗,1
7177,上呼吸道感染,发烧了喝巨能清热解毒口服液有副作用,巨能清热解毒口服液的用法用量是什么,0
6533,上呼吸道感染,鼻息肉会带来哪些危害？,鼻息肉会有什么的危害？,1
6507,上呼吸道感染,宝宝2岁上呼吸道感染反复发烧该怎么办,2岁多宝宝上呼吸道感染反复发烧头疼怎么办,0
6867,上呼吸道感染,宫颈肥大腥臭味怎么办？,引产后来月经血崩对身体有哪些伤害？,0
7629,上呼吸道感染,顺尔宁孟鲁司特钠颗粒的效果如何,顺尔宁孟鲁司特钠颗粒治疗过敏性鼻炎效果如何,1
6436,上呼吸道感染,新生儿上呼吸道感染症状？,新生儿上呼吸道感染怎么办,0
7494,上呼吸道感染,总是干咳晚上比较严重用哪种药物可以康复,晚上干咳很严重吃什么药可以快速康复,1
7747,上呼吸道感染,消炎止痛服用众生丸有用吗,服用众生丸有什么要注意的？,0
7606,上呼吸道感染,小儿咳喘灵口服液怎么样有什么效果,儿童服用咳喘灵口服液一天几次,0
7477,上呼吸道感染,我家宝宝俩月了鼻塞连着喝了九包护彤有用吗,护彤为什么被禁用了,0
6353,上呼吸道感染,小儿上呼吸道感染的原因有哪些？,小儿上呼吸道感染可以用哪些药？,0
7498,上呼吸道感染,高血压患者服用伤风停胶囊治疗伤风感冒可以吗,高血压患者伤风感冒用伤风停胶囊有危险吗,1
1599,上呼吸道感染,乐达非热毒平颗粒用了之后会皮肤痒吗,乐达非热毒平颗粒有什么不良反应吗,0
6597,上呼吸道感染,服用阿莫西林胶囊应注意什么,阿莫西林的保质期是多久,0
6413,上呼吸道感染,经常上呼吸道发炎怎么办,上呼吸道经常发炎怎么办？,1
7167,上呼吸道感染,石家庄清热解毒软胶囊效果好吗,吃石家庄清热解毒软胶囊忌辛辣油腻生冷食物吗,0
1696,上呼吸道感染,业锐冠心丹参滴丸能长期服用吗,儿童可以服用业锐冠心丹参滴丸吗,0
6566,上呼吸道感染,细菌性上呼吸道感染是否可服抗病毒口服液,抗病毒口服液多大的孩子可以喝,0
7116,上呼吸道感染,强力止咳宁胶囊能和阿莫西林胶囊一起吃吗,急慢性支气管炎可以服用强力止咳宁胶囊吗,0
6539,上呼吸道感染,鼻息肉会带来哪些危害？,鼻息肉都有什么危害,1
1415,上呼吸道感染,阿莫西林胶囊孕妇能吃吗,孕妇吃阿莫西林胶囊要配合什么药吃,0
1521,上呼吸道感染,经常感冒是上呼吸道感染了吗,经常感冒喝中药可以吗,0
6780,上呼吸道感染,阴囊发凉有潮湿现象晚上感觉明显怎么办？,阴囊发凉有潮湿现象晚上感觉明显是什么原因？,0
1686,上呼吸道感染,众生丸饭后使用吗服用是需要注意什么呢,儿童可以服用众生丸吗,0
6471,上呼吸道感染,上呼吸道感染的治疗方法,急性上呼吸道感染的治疗方法,0
7694,上呼吸道感染,金果饮冬天嗓子疼咽炎喝着效果好吗,冬天嗓子疼咽炎喝金果饮管用不？,1
6331,上呼吸道感染,30周孕妇上呼吸道感染怎么办？,30周孕妇上呼吸道感染如何治疗？,1
7009,上呼吸道感染,长江阿奇霉素分散片治疗咽炎的作用如何呢,长江阿奇霉素分散片治疗咽炎的效果好吗,1
6912,上呼吸道感染,克拉霉素缓释片是在中午吃的吗？,孕妇可以吃克拉霉素缓释片吗,0
6354,上呼吸道感染,小儿上呼吸道感染的原因有哪些？,小儿上呼吸道感染可以预防吗？,0
7650,上呼吸道感染,孕妇有上呼吸道感染可以服用化痰消咳片吗,化痰消咳片是中药还是西药,0
7668,上呼吸道感染,咳嗽喉咙有痰去了医院医院开了回春散可以吗,回春散可以治疗咳嗽痰多吗,1
1466,上呼吸道感染,上呼吸道感染引发中耳炎该如何治疗呢,上呼道感染和中耳炎有关系吗,0
6646,上呼吸道感染,孩子上呼吸道感染引起反复发烧是什么原因,孩子上呼吸道感染怎么办,0
7456,上呼吸道感染,兆康金莲花胶囊的价格到底是多少,兆康金莲花胶囊和金银花的功效一样吗,0
1436,上呼吸道感染,宝宝上呼吸道感染发烧几天能好,宝宝导致发烧的原因是什么,0
1516,上呼吸道感染,小孩患上呼吸道感染怎么办,上呼吸道感染患者不能吃什么,0
7491,上呼吸道感染,感冒了可以同时吃阿莫西林胶囊和感叹号吗,感叹号和白加黑哪个效果好,0
6927,上呼吸道感染,为什么早上起床感觉呼吸困难，胸口闷,起床感觉呼吸困难，胸口闷是不是肺炎,0
7267,上呼吸道感染,喝香雪牌抗病毒口服液会不会有什么危害的啊,抗病毒口服液是治疗呼吸道疾病的常用药吗,0
7335,上呼吸道感染,反复易发的感冒好不到一周就发作了该怎么办,感冒反复发作是抵抗力太差吗,0
6917,上呼吸道感染,如何预防婴幼儿上呼吸道感染,什么药可以治上呼吸道感染,0
6409,上呼吸道感染,8个月宝宝高烧39度怎么办,8个月小孩发烧39度怎么办,1
7631,上呼吸道感染,顺尔宁孟鲁司特钠颗粒的效果如何,顺尔宁孟鲁司特钠颗粒为什么要睡前吃,0
6618,上呼吸道感染,上呼吸道感染是什么原因导致的,上呼道感染是什么原因引起的,1
6753,上呼吸道感染,如何预防小儿上呼吸道感染？,小儿上呼吸道感染如何预防？,1
7271,上呼吸道感染,请问素比伏有什么副作用吗,请问素比伏能长期服用吗,0
7610,上呼吸道感染,医生你好流黄鼻涕67天吃了阿莫西林胶囊有效果吗,流黄鼻涕是鼻炎的症状吗,0
6777,上呼吸道感染,你好，嗓子疼吃克拉霉素分散片可以吗？,你好，嗓子疼吃阿莫西林胶囊合适吗？,0
1401,上呼吸道感染,吃了阿莫西林胶囊能喝酒吗？,吃了阿莫西林胶囊多久可以喝酒,0
1469,上呼吸道感染,小儿上呼吸道感染怎么办？,小儿上呼吸道感染如何预防？,0
6485,上呼吸道感染,阿莫西林胶囊治什么病的？,阿莫西林胶囊主要治疗什么病,0
6299,上呼吸道感染,"今天早上感冒了,打喷嚏,流鼻涕",打喷嚏流鼻涕是什么感冒,0
6505,上呼吸道感染,宝宝2岁上呼吸道感染反复发烧该怎么办,3岁宝宝上呼吸道感染反复发烧怎么办,0
1369,上呼吸道感染,上呼吸道感染吃什么食物好？,呼吸道感染吃什么药比较好？,0
6745,上呼吸道感染,开空调容易造成上呼吸道感染吗？,开空调为什么会造成上呼吸道感染？,0
6988,上呼吸道感染,巨能清热解毒口服液是真的药品吗,巨能清热解毒口服液是正规药品吗,1
7499,上呼吸道感染,高血压患者服用伤风停胶囊治疗伤风感冒可以吗,伤风停胶囊可以治疗高血压患者的伤风感冒吗,1
7483,上呼吸道感染,如何才能让自己不感冒呢,需要哪些保护措施能让自己不感冒呢,1
1708,上呼吸道感染,连续剧烈无痰干咳怎么治疗能彻底康复呢,吃什么药可以治疗干咳无痰呢,1
6476,上呼吸道感染,感冒上呼吸道感染的区别,上呼吸道感染，感冒怎么治疗比较好？,0
6918,上呼吸道感染,吃了阿莫西林胶囊能喝酒吗,喝酒后可以吃阿莫西林胶囊吗,1
6732,上呼吸道感染,临床上感冒可以分为哪些类型如何鉴别区分？,临床上感冒可以分为哪些类型怎么治疗？,0
6968,上呼吸道感染,刻康消炎片哺乳期妇女能用吗,哺乳的妈妈能用刻康消炎片生吗,1
6974,上呼吸道感染,刻康消炎片功能主治主要是什么呢,刻康消炎片可以治什么病,1
6281,上呼吸道感染,孕妇间接接触猫会感染弓形虫么？,孕妇与养猫的人接触会感染弓形虫吗？,1
7801,上呼吸道感染,请问马应龙的复方甘草口服溶液用法是什么,请问马应龙的复方甘草口服溶液治疗什么病？,0
6556,上呼吸道感染,孩子感冒发烧，打几天点滴，不见好转怎么办,孩子感冒发烧能喝板蓝根吗,0
7696,上呼吸道感染,金果饮冬天嗓子疼咽炎喝着效果好吗,冬天嗓子疼咽炎能根治不？,0
1663,上呼吸道感染,请问金莲花片是治什么的,金莲花片的作用有哪些,1
1610,上呼吸道感染,石家庄清热解毒软胶囊多少钱一盒,石家庄清热解毒软胶囊是处方药还是非处方药,0
6894,上呼吸道感染,上呼吸道感染咳嗽如何治疗?,如何治疗咳嗽？由上呼吸道感染引起的。,1
7098,上呼吸道感染,現在干咳很严重服用头胞克污止咳立效胶囊行吗,干咳很厉害能服用头胞克污止咳立效胶囊吗,1
7069,上呼吸道感染,圣泰清热解毒口服液不是假的吧,圣泰清热解毒口服液是正规的吗,1
7859,上呼吸道感染,请问阿奇霉素可以和头孢类药物一起服用吗,请问阿奇霉素和头孢类可以一起用吗？,1
6729,上呼吸道感染,临床上感冒可以分为哪些类型如何鉴别区分？,临床上的感冒怎样鉴别可以分为哪些类型？,1
7459,上呼吸道感染,葫芦兄弟阿奇霉素干混悬剂效果明显吗,葫芦兄弟阿奇霉素干混悬剂治疗中耳炎有效果吗,1
1750,上呼吸道感染,小孩能喝复方甘草口服溶液吗,复方甘草口服溶液孕妇可以喝吗？,0
7321,上呼吸道感染,小儿复方磺胺二甲嘧啶散有什么药物功效呀,婴幼儿服用小儿复方磺胺二甲嘧啶散有什么副作用,0
6685,上呼吸道感染,请问上呼吸道消炎药有哪些？,消炎药有副作用吗,0
7336,上呼吸道感染,反复易发的感冒好不到一周就发作了该怎么办,风寒感冒跟风热感冒有什么区别,0
7641,上呼吸道感染,小孩6岁干咳他服用复方桔梗止咳片可以吗,复方桔梗止咳片主要成分里面有甘草吗,0
7810,上呼吸道感染,请问13岁的小孩吃阿莫西林一次吃多少粒,请问13岁的小孩吃阿莫西林过量了怎么办？,0
1716,上呼吸道感染,您好我上呼吸道感染近50天了反反复复该怎么办,上呼吸道感染主要症状表现是什么,0
7269,上呼吸道感染,请问素比伏有什么副作用吗,请问素比伏副作用有哪些,1
7799,上呼吸道感染,请问马应龙的复方甘草口服溶液用法是什么,请问马应龙的复方甘草口服溶液用法是怎样的？,1
7544,上呼吸道感染,复方甘草口服溶液具体该怎么用谢谢,正确服用复方甘草口服溶液的方法是什么,1
7833,上呼吸道感染,小孩咳嗽老是不好总是反反复复咋办的了,小孩咳嗽老是不好总是反反复复该怎么办？,1
7552,上呼吸道感染,喉康散刚刚满2周岁的小孩能使用吗,喉康散可以治疗空腔溃疡吗,0
1736,上呼吸道感染,丹参片能与金银花及脑心舒能同服吗,什么情况可以吃丹参片呢？,0
7862,上呼吸道感染,请问阿奇霉素可以和头孢类药物一起服用吗,外阴脓肿，可以吃头孢消炎吗？,0
6587,上呼吸道感染,小孩上呼吸道感染反复发烧怎么办,小孩上呼道感染要高烧几天,0
1616,上呼吸道感染,心速宁胶囊哪里有卖的呢贵不贵呢,心速宁胶囊可以治心悸胸闷吗,0
7244,上呼吸道感染,特一止咳宝片多少钱可以买的到呢,买特一止咳宝片需要多少钱,1
6385,上呼吸道感染,克拉霉素分散片吃多了要怎么做,吃克拉霉素分散片后感觉不舒服是怎么回事？,0
1505,上呼吸道感染,输完液感觉浑身乏力，这是为什么？,为什么输完液后没有食欲？,0
7222,上呼吸道感染,清心沉香八味丸应该怎么吃呢,吃清心沉香八味丸有哪些需要注意的事项,0
6297,上呼吸道感染,"今天早上感冒了,打喷嚏,流鼻涕","今天早上感冒了,一直打喷嚏,流鼻涕",1
1597,上呼吸道感染,乐达非热毒平颗粒用了之后会皮肤痒吗,乐达非热毒平颗粒用了之后会不会皮肤痒吗,1
1637,上呼吸道感染,明兴清开灵颗粒的价格怎么样,明兴清开灵颗粒的价格一般人可以接受吗,1
6329,上呼吸道感染,婴儿上呼吸道感染是什么引起的,两个月的婴儿上呼吸道感染可以吃药吗,0
7481,上呼吸道感染,复方甘草口服溶液咳嗽有痰效果如何呢,酒精过敏者可以用复方甘草口服溶液吗,0
6626,上呼吸道感染,孕妇上呼吸道感染吃什么药?,受凉会引起孕妇上呼道感染吗,0
1555,上呼吸道感染,请问克拉霉素缓释片一个疗程多少天,请问克拉霉素缓释片的服药禁忌是什么,0
6987,上呼吸道感染,3岁孩子可以服用利巴韦林泡腾颗粒的吗,利巴韦林泡腾颗粒的用药禁忌是什么,0
6993,上呼吸道感染,服用缬沙坦胶囊对肾有副作用吗,吃缬沙坦胶囊对肾有副作用吗,1
6343,上呼吸道感染,阿莫西林胶囊吃了20粒后果会怎么样,阿莫西林胶囊吃了20粒会不会导致不良反应,0
7765,上呼吸道感染,咳嗽支气管炎能不能吃消银颗粒吗,咳嗽支气管炎有哪些症状？,0
7562,上呼吸道感染,想要小孩能吃尼美舒利吗,尼美舒利的主要成分是什么,0
7596,上呼吸道感染,用灵泰邦尼治疗上呼吸道感染有用吗,灵泰邦尼是抗炎药吗,0
7514,上呼吸道感染,柴胡注射液可以与双黄连注射液同时肌注吗,双黄连注射液和柴胡注射液一起肌肉注射会有副作用吗,1
7150,上呼吸道感染,巨能清热解毒口服液治疗效果怎么样,高血压的患者能喝巨能清热解毒口服液吗,0
6531,上呼吸道感染,发烧，咽痛，有痰咳嗽上呼吸道感染,发烧，咽痛，有痰咳嗽是呼吸道感染吗,0
1422,上呼吸道感染,上呼吸道感染吃什么药孕妇六个月,六个月的孕妇上呼道感染能吃什么药,1
6933,上呼吸道感染,感冒后为什么耳朵发烧变红,感冒后为什么会感觉耳朵发烧变红,1
7553,上呼吸道感染,一开始嗓子痛吃了些感冒药感康可以吗,嗓子痛吃感康有用吗,1
7316,上呼吸道感染,八岁零九个月咳嗽能吃阿奇霉素颗粒吗,阿奇霉素跟红霉素的区别是什么,0
6755,上呼吸道感染,如何预防小儿上呼吸道感染？,小儿上呼吸道感染会留下后遗症吗？,0
7132,上呼吸道感染,琦鹰汉藏七味螃蟹甲丸的作用效果大吗,琦鹰汉藏七味螃蟹甲丸是清热解毒的药吗,0
6911,上呼吸道感染,克拉霉素缓释片是在中午吃的吗？,吃克拉霉素缓释片会过敏吗,0
7815,上呼吸道感染,联邦克立安是治疗什么的啊,联邦克立安的功效不是什么？,0
6545,上呼吸道感染,上呼吸道感染，会传给家里人吗？,下呼吸道感染，会传给家里人吗？,0
6402,上呼吸道感染,服用阿莫西林胶囊要注意什么,服用百利(阿莫西林胶囊)要注意什么？,0
7672,上呼吸道感染,咳嗽喉咙有痰去了医院医院开了回春散可以吗,回春散的主要成分含有人工麝香吗,0
6696,上呼吸道感染,可以饭后吃克拉霉素缓释片吗,吃克拉霉素缓释片能不能喝酒,0
6835,上呼吸道感染,晚上感觉耳朵疼，嗡嗡作响怎么回事？,晚上感觉耳朵疼，嗡嗡作响是有疾病吗？,0
6963,上呼吸道感染,氢溴酸右美沙芬糖浆怎么样啊,氢溴酸右美沙芬糖浆效果如何,1
6563,上呼吸道感染,细菌性上呼吸道感染是否可服抗病毒口服液,细菌性上呼吸道感染可以吃抗病毒口服液吗,1
7249,上呼吸道感染,信韦灵利巴韦林气雾剂的作用效果大吗,信韦灵利巴韦林气雾剂的效果明显吗,1
7008,上呼吸道感染,长江阿奇霉素分散片治疗咽炎的作用如何呢,长江阿奇霉素分散片治疗咽炎的作用怎么样,1
7787,上呼吸道感染,众生胶囊是饭前吃还是饭后在吃呀,小孩可以服用众生胶囊吗？,0
1721,上呼吸道感染,克拉霉素缓释片是处方药吗,克拉霉素缓释片和西沙比利同时服用致命吗,0
7795,上呼吸道感染,三个月的孩子支气管炎反复的咳咳不好,小孩支气管炎有哪些症状？,0
7106,上呼吸道感染,为什么支气管炎哮喘的反复咳咳不见好转的呢,支气管炎哮喘能用哪些药,0
6757,上呼吸道感染,如何预防小儿上呼吸道感染？,小儿上呼吸道感染吃药没有效果怎么办？,0
6450,上呼吸道感染,宝宝上呼吸道感染吃什么药,七个月宝宝上呼吸道感染吃什么药好？,0
7616,上呼吸道感染,单硝酸异山梨酯缓释片去哪里买呢,过敏性体质可以服用单硝酸异山梨酯缓释片,0
1463,上呼吸道感染,上呼吸道感染引发中耳炎该如何治疗呢,上呼吸道感染引发中耳炎怎么治疗,1
1454,上呼吸道感染,我昨天中午吃的阿莫西林胶囊今天能喝酒吗,感冒了能喝酒吗,0
6701,上呼吸道感染,上呼吸道感染化验血能查出传染病吗,病毒性上呼吸道感染传染吗,0
7121,上呼吸道感染,热毒平颗粒乐达非都由什么制成的呀,热毒平颗粒乐达非可用于治疗流感吗,0
1551,上呼吸道感染,上呼吸道堵塞的治疗方法有哪些,上呼吸道堵塞会不会影响呼吸,0
6802,上呼吸道感染,小儿上呼吸道感染可以用哪些消炎药？,小儿上呼吸道感染可以预防吗？,0
7806,上呼吸道感染,怀孕头一个月吃氢溴酸右美沙芬分散片好吗,氢溴酸右美沙芬分散片是治疗什么的？,0
6334,上呼吸道感染,30周孕妇上呼吸道感染怎么办？,30周孕妇上呼吸道感染要住院吗？,0
7703,上呼吸道感染,阿奇霉素干混剂希舒美用于什么,阿奇霉素干混悬剂是治疗什么病的？,1
7043,上呼吸道感染,请问克拉霉素缓释片说明书有哪些内容,请问克拉霉素缓释片说明书内容是什么,1
7064,上呼吸道感染,日诺清热解毒口服液好不好用,喝日诺清热解毒口服液有用吗,1
1573,上呼吸道感染,鼻渊通窍颗粒有降温的作用吗,鼻渊通窍颗粒能不能降温,1
7474,上呼吸道感染,我家宝宝俩月了鼻塞连着喝了九包护彤有用吗,护彤可以治疗宝宝鼻塞吗,1
7161,上呼吸道感染,清热解毒软胶囊哪个厂家生产的是医保药吗,清热解毒软胶囊怎样服用,0
7546,上呼吸道感染,复方甘草口服溶液具体该怎么用谢谢,复方甘草口服溶液的主要成分是什么,0
1596,上呼吸道感染,利巴韦林颗粒对精子有影响有这回事吗,利巴韦林颗粒是支气管炎的常用药吗,0
6645,上呼吸道感染,孩子上呼吸道感染引起反复发烧是什么原因,孩子先咳嗽后发烧是肺炎吗,0
7436,上呼吸道感染,阿莫西林胶囊怎么吃,服用阿莫西林胶囊可以喝酒吗,0
6314,上呼吸道感染,上呼吸道感染:咳嗽半个月,上呼吸道感染:咳嗽一直没停过,0
1755,上呼吸道感染,请问拉米夫定片服用以后有什么毒副作用吗,请问拉米夫定片有什么成分？,0
7128,上呼吸道感染,琦鹰汉藏七味螃蟹甲丸的作用效果大吗,琦鹰汉藏七味螃蟹甲丸的作用大吗,1
6981,上呼吸道感染,红树清火栀麦片是中药吗,红树清火栀麦片副作用大不大,0
1382,上呼吸道感染,小孩经常上呼吸道感染吃什么增强免疫力,你好，吃点什么增加孩子上呼吸道感染抵抗力？,1
7793,上呼吸道感染,三个月的孩子支气管炎反复的咳咳不好,三个月的孩子支气管炎反复的咳咳不好怎么办？,1
1586,上呼吸道感染,复方天仙胶囊可以治疗哪些病,复方天仙胶囊有什么副作用,0
6573,上呼吸道感染,上呼吸道感染用什么药?,上呼道感染应该吃什么药,1
7045,上呼吸道感染,请问克拉霉素缓释片说明书有哪些内容,请问克拉霉素缓释片成分是什么,0
6415,上呼吸道感染,经常上呼吸道发炎怎么办,经常上呼吸道感染怎么办？,0
7585,上呼吸道感染,匹多莫德分散片和口服液哪个效果好,匹多莫德分散片可以提高免疫力吗,0
6498,上呼吸道感染,银黄颗粒治上呼吸道感染吗,银黄颗粒可以治疗上呼吸道感染吗,1
6375,上呼吸道感染,上呼吸道感染引起的病毒性感冒,7个月宝宝病毒性感冒引起上呼吸道感染，吃,0
6570,上呼吸道感染,上呼吸道感染用什么药?,上呼道感染的后遗症有哪些,0
7281,上呼吸道感染,你好嗓子不舒服能不能吃阿莫西林胶囊,阿莫西林胶囊能长期服用吗,0
6406,上呼吸道感染,孕妇怀孕三个月可以吃阿莫西林胶囊吗,孕妇怀孕三个月吃阿莫西林会有什么后果？,0
6989,上呼吸道感染,巨能清热解毒口服液是真的药品吗,巨能清热解毒口服液是可靠的药品吗,1
7031,上呼吸道感染,消银泰苦丹丸这个药的价格贵吗,消银泰苦丹丸是中成药吗,0
6816,上呼吸道感染,上呼吸道感染 一到下午头痛加重怎么办？,上呼吸道感染一到下午头痛加重是什么原因？,0
7451,上呼吸道感染,孕妇咳嗽的时候喝泻白糖浆有没有用,泻白糖浆是违禁药物吗,0
6862,上呼吸道感染,婴幼儿上呼吸道感染吃什么药？,婴幼儿上呼吸道感染会留下后遗症吗？,0
6458,上呼吸道感染,宝宝反复上呼吸道感染怎么办，是免疫低,宝宝反复上呼吸道感染怎么处理，是免疫低,1
7099,上呼吸道感染,現在干咳很严重服用头胞克污止咳立效胶囊行吗,头胞克污止咳立效胶囊治疗干咳吗,1
6694,上呼吸道感染,可以饭后吃克拉霉素缓释片吗,克拉霉素缓释片能不能饭后吃,1
6965,上呼吸道感染,氢溴酸右美沙芬糖浆怎么样啊,氢溴酸右美沙芬糖浆可以治什么病,0
1359,上呼吸道感染,服用金莲花胶囊需要注意什么？,金莲花胶囊一次服用多少呢？,0
7192,上呼吸道感染,服用清热解毒软胶囊出现头痛该怎么办呢,清热解毒软胶囊是治上呼吸道感染的吗,0
7655,上呼吸道感染,用化痰消咳片治疗感冒咳嗽一天要吃几次呢,化痰消咳片在医保范围内吗,0
7331,上呼吸道感染,2个月小孩支气管炎反复的咳咳不好怎么办,支气管炎传染吗,0
6423,上呼吸道感染,盆腔炎的临床症状表现是什么？,盆腔炎有什么样的临床表现症状呢？,1
6572,上呼吸道感染,上呼吸道感染用什么药?,上呼道感染会引起咳嗽吗,0
7385,上呼吸道感染,惠菲宣愈美片效果如何呢,肾功能障碍者可以服用惠菲宣愈美片吗,0
1451,上呼吸道感染,喝酒了能吃氨基比林咖啡因片吗,氨基比林咖啡因片属于特殊药品吗,0
7570,上呼吸道感染,喉咙痛上火请问有什么好的方法能治愈吗,喉咙痛不可以吃什么食物,0
6882,上呼吸道感染,上呼吸道感染症状严重吗?,上呼吸道感染咳嗽如何治疗?,0
6339,上呼吸道感染,百利阿莫西林胶囊的注意事项有哪些？,百利阿莫西林胶囊能用于哪些症状,0
6859,上呼吸道感染,婴幼儿上呼吸道感染吃什么药？,婴幼儿的上呼吸道感染了该吃什么药？,1
6584,上呼吸道感染,小孩上呼吸道感染反复发烧怎么办,小孩上呼道感染是什么原因引起的,1
7665,上呼吸道感染,请问三联疗法的甲硝锉阿莫西林胶囊怎么样,三联疗法的甲硝锉阿莫西林胶囊和阿莫西林胶囊有什么区别,0
6467,上呼吸道感染,上呼吸道感染和下呼吸道感染有什么区别？,上、下呼吸道感染的区别和具体用药,0
6422,上呼吸道感染,怎么区别鼻炎和上呼吸道感染?,过敏性鼻炎 上呼吸道感染是细菌感染吗？,0
7016,上呼吸道感染,请问克拉霉素缓释片停药多久怀孕,请问克拉霉素缓释片有什么服药禁忌,0
7582,上呼吸道感染,四十岁牙龈出血众生丸有用吗,众生丸的副作用有哪些,0
